,Higher Seed,Lower Seed,Upset Score
0,Abilene Chr,Arizona St,0.21171252615202998
1,Abilene Chr,Auburn,0.26403304458782934
2,Abilene Chr,Baylor,0.2645293781931309
3,Abilene Chr,Bradley,0.2504380784500441
4,Abilene Chr,Buffalo,0.26583364058598535
5,Abilene Chr,Cincinnati,0.18709794216078884
6,Abilene Chr,Colgate,0.18173580422328536
7,Abilene Chr,F Dickinson,0.2425097139730104
8,Abilene Chr,Florida,0.25760919507930646
9,Abilene Chr,Florida St,0.23189338799016965
10,Abilene Chr,Gardner Webb,0.2195640140117135
11,Abilene Chr,Georgia St,0.15804963601644617
12,Abilene Chr,Gonzaga,0.2662918648843547
13,Abilene Chr,Houston,0.26363534461325755
14,Abilene Chr,Iona,0.2662918648843547
15,Abilene Chr,Iowa,0.22441918168290037
16,Abilene Chr,Iowa St,0.24528520435607756
17,Abilene Chr,Kansas,0.154106851659512
18,Abilene Chr,Kansas St,0.18709794216078884
19,Abilene Chr,Liberty,0.26583364058598535
20,Abilene Chr,Louisville,0.2676108424679909
21,Abilene Chr,LSU,0.2676190111136714
22,Abilene Chr,Marquette,0.25757225694734753
23,Abilene Chr,Maryland,0.23763507034664
24,Abilene Chr,Michigan,0.15170792812920642
25,Abilene Chr,Minnesota,0.26583364058598535
26,Abilene Chr,Mississippi,0.2572267411879363
27,Abilene Chr,Montana,0.2680537847787758
28,Abilene Chr,Murray St,0.23796417548216894
29,Abilene Chr,N Dakota St,0.24187371845956696
30,Abilene Chr,N Kentucky,0.009714354510899748
31,Abilene Chr,NC Central,0.2642553231105382
32,Abilene Chr,Nevada,0.18709794216078884
33,Abilene Chr,New Mexico St,0.22235717234023963
34,Abilene Chr,Northeastern,0.21830287292407716
35,Abilene Chr,Ohio St,0.2534130408864903
36,Abilene Chr,Oklahoma,0.18709794216078884
37,Abilene Chr,Old Dominion,0.20597454160607398
38,Abilene Chr,Oregon,0.2193499684806714
39,Abilene Chr,Prairie View,0.11550433155821624
40,Abilene Chr,Purdue,0.26686079534427054
41,Abilene Chr,Seton Hall,0.240321173101828
42,Abilene Chr,St John's,0.26774502210172413
43,Abilene Chr,St Louis,0.23624583436328575
44,Abilene Chr,St Mary's CA,0.32907526995379605
45,Abilene Chr,Syracuse,0.19995944942554753
46,Abilene Chr,Temple,0.24764052767521236
47,Abilene Chr,Texas Tech,0.007230526631656298
48,Abilene Chr,UC Irvine,0.06177422036463959
49,Abilene Chr,UCF,0.2613719930861138
50,Abilene Chr,Utah St,0.26583364058598535
51,Abilene Chr,VA Commonwealth,0.14186283713685996
52,Abilene Chr,Vermont,0.12456760771899977
53,Abilene Chr,Villanova,0.24764052767521236
54,Abilene Chr,Virginia,0.26294800816570474
55,Abilene Chr,Virginia Tech,0.26432043396275534
56,Abilene Chr,Washington,0.25303203994234
57,Abilene Chr,Wisconsin,0.22565906983891443
58,Abilene Chr,Wofford,0.11550433155821624
59,Arizona St,Auburn,0.2534775538333924
60,Arizona St,Baylor,0.25397388743869165
61,Arizona St,Belmont,0.08022038519934088
62,Arizona St,Bradley,0.23988258769561052
63,Arizona St,Buffalo,0.2552781498315495
64,Arizona St,Cincinnati,0.176542451406353
65,Arizona St,Colgate,0.17118031346884954
66,Arizona St,Duke,0.23845970981587988
67,Arizona St,F Dickinson,0.23195422321857118
68,Arizona St,Florida,0.24705370432487062
69,Arizona St,Florida St,0.22133789723573608
70,Arizona St,Gardner Webb,0.20900852325727765
71,Arizona St,Georgia St,0.1474941452620092
72,Arizona St,Gonzaga,0.2557363741299177
73,Arizona St,Houston,0.2530798538588217
74,Arizona St,Iona,0.2557363741299177
75,Arizona St,Iowa,0.21386369092846225
76,Arizona St,Iowa St,0.23472971360164285
77,Arizona St,Kansas,0.14355136090507614
78,Arizona St,Kansas St,0.176542451406353
79,Arizona St,Kentucky,0.17929179719656654
80,Arizona St,Liberty,0.2552781498315495
81,Arizona St,Louisville,0.2570553517135539
82,Arizona St,LSU,0.25706352035923785
83,Arizona St,Marquette,0.2470167661929117
84,Arizona St,Maryland,0.22707957959220415
85,Arizona St,Michigan,0.14115243737476718
86,Arizona St,Michigan St,0.14320579413008766
87,Arizona St,Minnesota,0.2552781498315495
88,Arizona St,Mississippi,0.24667125043350044
89,Arizona St,Mississippi St,0.25118432204044694
90,Arizona St,Montana,0.25749829402433766
91,Arizona St,Murray St,0.22740868472773085
92,Arizona St,N Dakota St,0.2313182277051311
93,Arizona St,N Kentucky,0.020269845265337816
94,Arizona St,NC Central,0.2536998323561035
95,Arizona St,Nevada,0.176542451406353
96,Arizona St,New Mexico St,0.21180168158580154
97,Arizona St,North Carolina,0.10322694754901723
98,Arizona St,Northeastern,0.20774738216964359
99,Arizona St,Ohio St,0.24285755013205446
100,Arizona St,Oklahoma,0.176542451406353
101,Arizona St,Old Dominion,0.19541905085163816
102,Arizona St,Oregon,0.20879447772623555
103,Arizona St,Prairie View,0.10494884080378267
104,Arizona St,Purdue,0.25630530458983697
105,Arizona St,Seton Hall,0.22976568234739214
106,Arizona St,St John's,0.2571895313472871
107,Arizona St,St Louis,0.22569034360884765
108,Arizona St,St Mary's CA,0.3396307607082319
109,Arizona St,Syracuse,0.18940395867111168
110,Arizona St,Temple,0.23708503692077426
111,Arizona St,Tennessee,0.21386369092846225
112,Arizona St,Texas Tech,0.00332496412277955
113,Arizona St,UC Irvine,0.05121872961020374
114,Arizona St,UCF,0.2508165023316746
115,Arizona St,Utah St,0.2552781498315495
116,Arizona St,VA Commonwealth,0.1313073463824264
117,Arizona St,Vermont,0.11401211696456393
118,Arizona St,Villanova,0.23708503692077426
119,Arizona St,Virginia,0.2523925174112689
120,Arizona St,Virginia Tech,0.25376494320832066
121,Arizona St,Washington,0.24247654918790307
122,Arizona St,Wisconsin,0.21510357908447858
123,Arizona St,Wofford,0.10494884080378267
124,Arizona St,Yale,0.20953561681438498
125,Auburn,Baylor,0.2695045192559623
126,Auburn,Bradley,0.2554132195128778
127,Auburn,Buffalo,0.27080878164881683
128,Auburn,Cincinnati,0.19207308322362027
129,Auburn,Colgate,0.18671094528611681
130,Auburn,F Dickinson,0.24748485503584186
131,Auburn,Florida,0.26258433614214016
132,Auburn,Florida St,0.23686852905300337
133,Auburn,Gardner Webb,0.22453915507454722
134,Auburn,Georgia St,0.16302477707927765
135,Auburn,Gonzaga,0.2712670059471884
136,Auburn,Houston,0.26861048567608903
137,Auburn,Iona,0.2712670059471884
138,Auburn,Iowa,0.22939432274573182
139,Auburn,Iowa St,0.2502603454189113
140,Auburn,Kansas,0.15908199272234572
141,Auburn,Kansas St,0.19207308322362027
142,Auburn,Kentucky,0.19482242901383612
143,Auburn,Liberty,0.27080878164881683
144,Auburn,Louisville,0.27258598353082236
145,Auburn,LSU,0.2725941521765051
146,Auburn,Marquette,0.262547398010179
147,Auburn,Maryland,0.2426102114094737
148,Auburn,Michigan,0.1566830691920379
149,Auburn,Michigan St,0.1276751623128181
150,Auburn,Minnesota,0.27080878164881683
151,Auburn,Mississippi,0.26220188225077
152,Auburn,Mississippi St,0.2667149538577154
153,Auburn,Montana,0.2730289258416072
154,Auburn,Murray St,0.2429393165450004
155,Auburn,N Dakota St,0.24684885952240068
156,Auburn,N Kentucky,0.004739213448068269
157,Auburn,NC Central,0.2692304641733719
158,Auburn,Nevada,0.19207308322362027
159,Auburn,New Mexico St,0.22733231340307108
160,Auburn,North Carolina,0.11875757936628453
161,Auburn,Northeastern,0.22327801398691088
162,Auburn,Ohio St,0.258388181949324
163,Auburn,Oklahoma,0.19207308322362027
164,Auburn,Old Dominion,0.21094968266890546
165,Auburn,Oregon,0.22432510954350285
166,Auburn,Prairie View,0.12047947262104997
167,Auburn,Purdue,0.27183593640710424
168,Auburn,Seton Hall,0.24529631416465944
169,Auburn,St John's,0.2727201631645578
170,Auburn,St Louis,0.2412209754261172
171,Auburn,St Mary's CA,0.32410012889096235
172,Auburn,Syracuse,0.20493459048838125
173,Auburn,Temple,0.2526156687380438
174,Auburn,Tennessee,0.22939432274573182
175,Auburn,Texas Tech,0.01220566769448772
176,Auburn,UC Irvine,0.06674936142747104
177,Auburn,UCF,0.2663471341489453
178,Auburn,Utah St,0.27080878164881683
179,Auburn,VA Commonwealth,0.1468379781996937
180,Auburn,Vermont,0.1295427487818335
181,Auburn,Villanova,0.2526156687380438
182,Auburn,Virginia,0.2679231492285385
183,Auburn,Virginia Tech,0.2692955750255868
184,Auburn,Washington,0.2580071810051715
185,Auburn,Wisconsin,0.23063421090174588
186,Auburn,Wofford,0.12047947262104997
187,Baylor,Bradley,0.2468318587734766
188,Baylor,Buffalo,0.26222742090941786
189,Baylor,Cincinnati,0.18349172248422133
190,Baylor,Colgate,0.178129584546719
191,Baylor,F Dickinson,0.23890349429644292
192,Baylor,Florida,0.2540029754027401
193,Baylor,Florida St,0.2282871683136033
194,Baylor,Gardner Webb,0.215957794335146
195,Baylor,Georgia St,0.15444341633987982
196,Baylor,Gonzaga,0.26268564520778714
197,Baylor,Houston,0.26002912493669006
198,Baylor,Iona,0.26268564520778714
199,Baylor,Iowa,0.22081296200633285
200,Baylor,Iowa St,0.2416789846795112
201,Baylor,Kansas,0.1505006319829445
202,Baylor,Kansas St,0.18349172248422133
203,Baylor,Liberty,0.26222742090941786
204,Baylor,Louisville,0.2640046227914245
205,Baylor,LSU,0.26401279143710504
206,Baylor,Marquette,0.25396603727078004
207,Baylor,Maryland,0.23402885067007248
208,Baylor,Michigan,0.14810170845263892
209,Baylor,Michigan St,0.13625652305221936
210,Baylor,Minnesota,0.26222742090941786
211,Baylor,Mississippi,0.25362052151136877
212,Baylor,Mississippi St,0.2581335931183164
213,Baylor,Montana,0.2644475651022083
214,Baylor,Murray St,0.23435795580560143
215,Baylor,N Dakota St,0.23826749878299947
216,Baylor,N Kentucky,0.013320574187467238
217,Baylor,NC Central,0.2606491034339718
218,Baylor,Nevada,0.18349172248422133
219,Baylor,New Mexico St,0.21875095266367212
220,Baylor,North Carolina,0.1101762186268867
221,Baylor,Northeastern,0.21469665324751078
222,Baylor,Ohio St,0.24980682120992279
223,Baylor,Oklahoma,0.18349172248422133
224,Baylor,Old Dominion,0.2023683219295065
225,Baylor,Oregon,0.2157437488041039
226,Baylor,Prairie View,0.11189811188164875
227,Baylor,Purdue,0.26325457566770305
228,Baylor,Seton Hall,0.2367149534252616
229,Baylor,St John's,0.2641388024251566
230,Baylor,St Louis,0.23263961468671826
231,Baylor,St Mary's CA,0.3326814896303624
232,Baylor,Syracuse,0.19635322974898
233,Baylor,Temple,0.24403430799864487
234,Baylor,Tennessee,0.22081296200633285
235,Baylor,Texas Tech,0.0036243069550899176
236,Baylor,UC Irvine,0.0581680006880721
237,Baylor,UCF,0.2577657734095463
238,Baylor,Utah St,0.26222742090941786
239,Baylor,VA Commonwealth,0.13825661746029244
240,Baylor,Vermont,0.1209613880424334
241,Baylor,Villanova,0.24403430799864487
242,Baylor,Virginia,0.25934178848913725
243,Baylor,Virginia Tech,0.260714214286189
244,Baylor,Washington,0.24942582026577254
245,Baylor,Wisconsin,0.22205285016234694
246,Baylor,Wofford,0.11189811188164875
247,Baylor,Yale,0.21648488789225218
248,Belmont,Bradley,0.14713500324451156
249,Belmont,Buffalo,0.13173944110857144
250,Belmont,Cincinnati,0.21047513953376795
251,Belmont,Colgate,0.2158372774712703
252,Belmont,Duke,0.14855788112424106
253,Belmont,F Dickinson,0.15506336772154866
254,Belmont,Florida,0.13996388661525033
255,Belmont,Florida St,0.165679693704386
256,Belmont,Gardner Webb,0.1780090676828433
257,Belmont,Georgia St,0.23952344567811062
258,Belmont,Gonzaga,0.13128121681020438
259,Belmont,Houston,0.13393773708129925
260,Belmont,Iona,0.13128121681020438
261,Belmont,Iowa,0.1731539000116587
262,Belmont,Iowa St,0.1522878773384792
263,Belmont,Kansas,0.2434662300350448
264,Belmont,Kansas St,0.21047513953376795
265,Belmont,Kentucky,0.20772579374355665
266,Belmont,Liberty,0.13173944110857144
267,Belmont,Louisville,0.1299622392265659
268,Belmont,LSU,0.1299540705808842
269,Belmont,Marquette,0.14000082474720926
270,Belmont,Maryland,0.15993801134791907
271,Belmont,Michigan,0.2458651535653526
272,Belmont,Michigan St,0.5302233850702109
273,Belmont,Minnesota,0.13173944110857144
274,Belmont,Mississippi,0.14034634050662165
275,Belmont,Mississippi St,0.13583326889967284
276,Belmont,Montana,0.1295192969157833
277,Belmont,Murray St,0.1596089062123901
278,Belmont,N Dakota St,0.15569936323499212
279,Belmont,N Kentucky,0.40728743620545654
280,Belmont,NC Central,0.13331775858401862
281,Belmont,Nevada,0.21047513953376795
282,Belmont,New Mexico St,0.1752159093543194
283,Belmont,North Carolina,0.28379064339110255
284,Belmont,Northeastern,0.1792702087704785
285,Belmont,Ohio St,0.1441600408080676
286,Belmont,Oklahoma,0.21047513953376795
287,Belmont,Old Dominion,0.19159854008848504
288,Belmont,Oregon,0.17822311321388312
289,Belmont,Prairie View,0.2820687501363394
290,Belmont,Purdue,0.13071228635028626
291,Belmont,Seton Hall,0.15725190859272764
292,Belmont,St John's,0.12982805959283494
293,Belmont,St Louis,0.1613272473312733
294,Belmont,St Mary's CA,0.7266483516483517
295,Belmont,Syracuse,0.19761363226901152
296,Belmont,Temple,0.1499325540193467
297,Belmont,Tennessee,0.1731539000116587
298,Belmont,Texas Tech,0.39034255506289933
299,Belmont,UC Irvine,0.3357988613299184
300,Belmont,UCF,0.13620108860844526
301,Belmont,Utah St,0.13173944110857144
302,Belmont,VA Commonwealth,0.2557102445576957
303,Belmont,Vermont,0.2730054739755559
304,Belmont,Villanova,0.1499325540193467
305,Belmont,Virginia,0.13462507352885433
306,Belmont,Virginia Tech,0.13325264773179918
307,Belmont,Washington,0.14454104175221671
308,Belmont,Wisconsin,0.17191401185564237
309,Belmont,Wofford,0.2820687501363394
310,Belmont,Yale,0.17748197412573713
311,Bradley,Cincinnati,0.17811644677673558
312,Bradley,Colgate,0.1842344667962132
313,Bradley,F Dickinson,0.24235910932509697
314,Bradley,Florida,0.25222774922880337
315,Bradley,Florida St,0.2247785849568492
316,Bradley,Gardner Webb,0.21185526341224917
317,Bradley,Georgia St,0.1481347944570305
318,Bradley,Gonzaga,0.26384379272785313
319,Bradley,Houston,0.2616539455444378
320,Bradley,Iowa,0.2252378211401713
321,Bradley,Iowa St,0.24495837350722163
322,Bradley,Kansas,0.14407534182817586
323,Bradley,Kansas St,0.17811644677673558
324,Bradley,Liberty,0.26151887607875446
325,Bradley,Louisville,0.2637627510484429
326,Bradley,LSU,0.26479760048702605
327,Bradley,Marquette,0.2562908675100505
328,Bradley,Maryland,0.23083138270510473
329,Bradley,Michigan,0.141606417334716
330,Bradley,Minnesota,0.26151887607875446
331,Bradley,Mississippi,0.251808931200728
332,Bradley,Montana,0.26502237126267086
333,Bradley,Murray St,0.2380828053079172
334,Bradley,N Dakota St,0.2353189231314617
335,Bradley,N Kentucky,0.002595628369920222
336,Bradley,NC Central,0.26218058942418276
337,Bradley,Nevada,0.17811644677673558
338,Bradley,New Mexico St,0.2147756962192317
339,Bradley,Northeastern,0.21940151623395965
340,Bradley,Ohio St,0.24766235918639096
341,Bradley,Oklahoma,0.17811644677673558
342,Bradley,Old Dominion,0.19769305585354568
343,Bradley,Oregon,0.2204019444817855
344,Bradley,Prairie View,0.10442280727959496
345,Bradley,Purdue,0.26277936738088276
346,Bradley,Seton Hall,0.2336730431561893
347,Bradley,St John's,0.2648727016836937
348,Bradley,St Louis,0.22936436787380277
349,Bradley,St Mary's CA,0.3477296257007137
350,Bradley,Syracuse,0.1914446271291783
351,Bradley,Temple,0.2414590708172498
352,Bradley,Texas Tech,0.006231030394144577
353,Bradley,UC Irvine,0.04943267874927479
354,Bradley,UCF,0.25639055273933425
355,Bradley,Utah St,0.26151887607875446
356,Bradley,VA Commonwealth,0.13148132248976135
357,Bradley,Vermont,0.11371941998422053
358,Bradley,Villanova,0.2414590708172498
359,Bradley,Virginia,0.2581665705707898
360,Bradley,Virginia Tech,0.2597389991197061
361,Bradley,Washington,0.24725058858810667
362,Bradley,Wisconsin,0.21823315141380195
363,Bradley,Wofford,0.10442280727959496
364,Buffalo,Cincinnati,0.14782124860675885
365,Buffalo,Colgate,0.14245911066925537
366,Buffalo,Duke,0.20973850701628574
367,Buffalo,F Dickinson,0.20323302041897817
368,Buffalo,Florida,0.2183325015252742
369,Buffalo,Florida St,0.19261669443613966
370,Buffalo,Gardner Webb,0.1802873204576835
371,Buffalo,Georgia St,0.11877294246241393
372,Buffalo,Gonzaga,0.22701517133032242
373,Buffalo,Houston,0.2243586510592276
374,Buffalo,Iona,0.22701517133032242
375,Buffalo,Iowa,0.1851424881288681
376,Buffalo,Iowa St,0.20600851080204532
377,Buffalo,Kansas,0.114830158105482
378,Buffalo,Kansas St,0.14782124860675885
379,Buffalo,Kentucky,0.15057059439697013
380,Buffalo,Liberty,0.2265569470319554
381,Buffalo,Louisville,0.22833414891395865
382,Buffalo,LSU,0.22834231755964143
383,Buffalo,Marquette,0.21829556339331757
384,Buffalo,Maryland,0.19835837679260773
385,Buffalo,Michigan,0.11243123457517418
386,Buffalo,Michigan St,0.1719269969296841
387,Buffalo,Minnesota,0.2265569470319554
388,Buffalo,Mississippi,0.21795004763390402
389,Buffalo,Mississippi St,0.22246311924085393
390,Buffalo,Montana,0.22877709122474352
391,Buffalo,Murray St,0.19868748192813668
392,Buffalo,N Dakota St,0.20259702490553472
393,Buffalo,N Kentucky,0.048991048064931986
394,Buffalo,NC Central,0.22497862955650594
395,Buffalo,Nevada,0.14782124860675885
396,Buffalo,New Mexico St,0.18308047878620737
397,Buffalo,North Carolina,0.07450574474942195
398,Buffalo,Northeastern,0.17902617937004717
399,Buffalo,Ohio St,0.21413634733245804
400,Buffalo,Oklahoma,0.14782124860675885
401,Buffalo,Old Dominion,0.16669784805204174
402,Buffalo,Oregon,0.1800732749266414
403,Buffalo,Prairie View,0.07622763800418625
404,Buffalo,Purdue,0.22758410179024055
405,Buffalo,Seton Hall,0.201044479547798
406,Buffalo,St John's,0.22846832854769183
407,Buffalo,St Louis,0.19696914080925348
408,Buffalo,St Mary's CA,0.368351963507826
409,Buffalo,Syracuse,0.16068275587151526
410,Buffalo,Temple,0.2083638341211801
411,Buffalo,Tennessee,0.1851424881288681
412,Buffalo,Texas Tech,0.03204616692237372
413,Buffalo,UC Irvine,0.02249752681060735
414,Buffalo,UCF,0.22209529953208157
415,Buffalo,Utah St,0.2265569470319554
416,Buffalo,VA Commonwealth,0.10258614358282997
417,Buffalo,Vermont,0.08529091416496978
418,Buffalo,Villanova,0.2083638341211801
419,Buffalo,Virginia,0.2236713146116725
420,Buffalo,Virginia Tech,0.22504374040872538
421,Buffalo,Washington,0.21375534638831006
422,Buffalo,Wisconsin,0.18638237628488216
423,Buffalo,Wofford,0.07622763800418625
424,Buffalo,Yale,0.1808144140147897
425,Cincinnati,Colgate,0.1690261094568406
426,Cincinnati,F Dickinson,0.22715075198572213
427,Cincinnati,Florida,0.2370193918894285
428,Cincinnati,Florida St,0.20957022761747435
429,Cincinnati,Gardner Webb,0.19664690607287544
430,Cincinnati,Georgia St,0.13292643711765678
431,Cincinnati,Gonzaga,0.24863543538847827
432,Cincinnati,Houston,0.2464455882050641
433,Cincinnati,Iona,0.24863543538847827
434,Cincinnati,Iowa,0.21002946380079757
435,Cincinnati,Iowa St,0.22975001616785018
436,Cincinnati,Kansas,0.12886698448880213
437,Cincinnati,Kansas St,0.16290808943736412
438,Cincinnati,Liberty,0.24631051873938298
439,Cincinnati,Louisville,0.24855439370906918
440,Cincinnati,LSU,0.24958924314765346
441,Cincinnati,Marquette,0.241082510170679
442,Cincinnati,Maryland,0.215623025365731
443,Cincinnati,Michigan,0.12639805999534112
444,Cincinnati,Minnesota,0.24631051873938298
445,Cincinnati,Mississippi,0.23660057386135652
446,Cincinnati,Mississippi St,0.24159446016470318
447,Cincinnati,Montana,0.24981401392329716
448,Cincinnati,Murray St,0.22287444796854575
449,Cincinnati,N Dakota St,0.22011056579208796
450,Cincinnati,N Kentucky,0.017803985709291703
451,Cincinnati,NC Central,0.24697223208480903
452,Cincinnati,Nevada,0.16290808943736412
453,Cincinnati,New Mexico St,0.19956733887986028
454,Cincinnati,North Carolina,0.10303277050527451
455,Cincinnati,Northeastern,0.20419315889458706
456,Cincinnati,Ohio St,0.23245400184701723
457,Cincinnati,Oklahoma,0.16290808943736412
458,Cincinnati,Old Dominion,0.18248469851417193
459,Cincinnati,Oregon,0.20519358714241176
460,Cincinnati,Prairie View,0.08921444994022351
461,Cincinnati,Purdue,0.24757101004150905
462,Cincinnati,Seton Hall,0.21846468581681444
463,Cincinnati,St John's,0.2496643443443188
464,Cincinnati,St Louis,0.21415601053442906
465,Cincinnati,St Mary's CA,0.36293798304008623
466,Cincinnati,Syracuse,0.17623626978980458
467,Cincinnati,Temple,0.22625071347787834
468,Cincinnati,Tennessee,0.21002946380079757
469,Cincinnati,Texas Tech,0.021439387733517168
470,Cincinnati,UC Irvine,0.03422432140990106
471,Cincinnati,UCF,0.24118219539996166
472,Cincinnati,Utah St,0.24631051873938298
473,Cincinnati,VA Commonwealth,0.1162729651503899
474,Cincinnati,Vermont,0.09851106264484566
475,Cincinnati,Villanova,0.22625071347787834
476,Cincinnati,Virginia,0.24295821323141834
477,Cincinnati,Virginia Tech,0.24453064178033465
478,Cincinnati,Washington,0.23204223124873408
479,Cincinnati,Wisconsin,0.20302479407442822
480,Cincinnati,Wofford,0.08921444994022351
481,Cincinnati,Yale,0.2059013924385826
482,Colgate,Duke,0.2514437151119989
483,Colgate,F Dickinson,0.24493822851469021
484,Colgate,Florida,0.2600377096209874
485,Colgate,Florida St,0.23432190253185287
486,Colgate,Gardner Webb,0.22199252855339668
487,Colgate,Georgia St,0.16047815055812825
488,Colgate,Gonzaga,0.26872037942603444
489,Colgate,Houston,0.26606385915494074
490,Colgate,Iona,0.26872037942603444
491,Colgate,Iowa,0.22684769622458129
492,Colgate,Iowa St,0.24771371889775964
493,Colgate,Kansas,0.15653536620119518
494,Colgate,Kansas St,0.18952645670247203
495,Colgate,Kentucky,0.1922758024926833
496,Colgate,Liberty,0.26826215512766854
497,Colgate,Louisville,0.27003935700967296
498,Colgate,LSU,0.2700475256553546
499,Colgate,Marquette,0.2600007714890307
500,Colgate,Maryland,0.2400635848883209
501,Colgate,Michigan,0.15413644267088622
502,Colgate,Michigan St,0.1302217888339698
503,Colgate,Minnesota,0.26826215512766854
504,Colgate,Mississippi,0.25965525572961723
505,Colgate,Mississippi St,0.264168327336566
506,Colgate,Montana,0.2704822993204567
507,Colgate,Murray St,0.24039269002384986
508,Colgate,N Dakota St,0.24430223300124787
509,Colgate,N Kentucky,0.007285839969217667
510,Colgate,NC Central,0.26668383765222026
511,Colgate,Nevada,0.18952645670247203
512,Colgate,New Mexico St,0.22478568688192058
513,Colgate,North Carolina,0.11621095284513627
514,Colgate,Northeastern,0.22073138746576035
515,Colgate,Ohio St,0.2558415554281712
516,Colgate,Oklahoma,0.18952645670247203
517,Colgate,Old Dominion,0.20840305614775492
518,Colgate,Oregon,0.2217784830223546
519,Colgate,Prairie View,0.11793284609989943
520,Colgate,Purdue,0.26928930988595373
521,Colgate,Seton Hall,0.24274968764351118
522,Colgate,St John's,0.2701735366434039
523,Colgate,St Louis,0.2386743489049667
524,Colgate,St Mary's CA,0.3266467554121128
525,Colgate,Syracuse,0.20238796396722847
526,Colgate,Temple,0.2500690422168933
527,Colgate,Tennessee,0.22684769622458129
528,Colgate,Texas Tech,0.009659041173339489
529,Colgate,UC Irvine,0.0642027349063205
530,Colgate,UCF,0.2638005076277936
531,Colgate,Utah St,0.26826215512766854
532,Colgate,VA Commonwealth,0.14429135167854315
533,Colgate,Vermont,0.12699612226068296
534,Colgate,Villanova,0.2500690422168933
535,Colgate,Virginia,0.26537652270738565
536,Colgate,Virginia Tech,0.2667489485044397
537,Colgate,Washington,0.2554605544840221
538,Colgate,Wisconsin,0.22808758438059534
539,Colgate,Wofford,0.11793284609989943
540,Colgate,Yale,0.22251962211050175
541,Duke,F Dickinson,0.23876340801783
542,Duke,Florida,0.253862889124126
543,Duke,Florida St,0.2281470820349915
544,Duke,Gardner Webb,0.21581770805653533
545,Duke,Georgia St,0.1543033300612658
546,Duke,Gonzaga,0.26254555892917425
547,Duke,Houston,0.25988903865807944
548,Duke,Iona,0.26254555892917425
549,Duke,Iowa,0.22067287572771993
550,Duke,Iowa St,0.24153889840089715
551,Duke,Kansas,0.15036054570433385
552,Duke,Kansas St,0.18335163620561068
553,Duke,Kentucky,0.18610098199582198
554,Duke,Liberty,0.26208733463080724
555,Duke,Louisville,0.2638645365128105
556,Duke,LSU,0.26387270515849326
557,Duke,Marquette,0.2538259509921694
558,Duke,Maryland,0.23388876439145956
559,Duke,Michigan,0.147961622174026
560,Duke,Michigan St,0.13639660933083225
561,Duke,Minnesota,0.26208733463080724
562,Duke,Mississippi,0.2534804352327559
563,Duke,Mississippi St,0.2579935068397058
564,Duke,Montana,0.26430747882359534
565,Duke,Murray St,0.23421786952698853
566,Duke,N Dakota St,0.23812741250438654
567,Duke,N Kentucky,0.013460660466080132
568,Duke,NC Central,0.2605090171553578
569,Duke,Nevada,0.18335163620561068
570,Duke,New Mexico St,0.21861086638505922
571,Duke,North Carolina,0.11003613234827492
572,Duke,Northeastern,0.21455656696889902
573,Duke,Ohio St,0.24966673493130986
574,Duke,Oklahoma,0.18335163620561068
575,Duke,Old Dominion,0.2022282356508936
576,Duke,Oregon,0.21560366252549326
577,Duke,Prairie View,0.1117580256030381
578,Duke,Purdue,0.2631144893890924
579,Duke,Seton Hall,0.23657486714664983
580,Duke,St John's,0.2639987161465437
581,Duke,St Louis,0.23249952840810534
582,Duke,St Mary's CA,0.33282157590897415
583,Duke,Syracuse,0.1962131434703671
584,Duke,Temple,0.24389422172003195
585,Duke,Tennessee,0.22067287572771993
586,Duke,Texas Tech,0.0034842206764781336
587,Duke,UC Irvine,0.058027914409459175
588,Duke,UCF,0.2576256871309334
589,Duke,Utah St,0.26208733463080724
590,Duke,VA Commonwealth,0.13811653118168182
591,Duke,Vermont,0.12082130176382164
592,Duke,Villanova,0.24389422172003195
593,Duke,Virginia,0.25920170221052435
594,Duke,Virginia Tech,0.26057412800757723
595,Duke,Washington,0.24928573398716192
596,Duke,Wisconsin,0.22191276388373402
597,Duke,Wofford,0.1117580256030381
598,Duke,Yale,0.21634480161364153
599,F Dickinson,Florida,0.23787771743422165
600,F Dickinson,Florida St,0.2104285531622675
601,F Dickinson,Gardner Webb,0.1975052316176686
602,F Dickinson,Georgia St,0.1337847626624488
603,F Dickinson,Gonzaga,0.24949376093327258
604,F Dickinson,Houston,0.24730391374985725
605,F Dickinson,Iona,0.24949376093327258
606,F Dickinson,Iowa,0.21088778934559071
607,F Dickinson,Iowa St,0.2306083417126422
608,F Dickinson,Kansas,0.1297253100335953
609,F Dickinson,Kansas St,0.16376641498215727
610,F Dickinson,Kentucky,0.17771591487674035
611,F Dickinson,Liberty,0.24716884428417615
612,F Dickinson,Louisville,0.2494127192538612
613,F Dickinson,LSU,0.2504475686924466
614,F Dickinson,Marquette,0.24194083571547215
615,F Dickinson,Maryland,0.21648135091052417
616,F Dickinson,Michigan,0.1272563855401354
617,F Dickinson,Michigan St,0.1377815801346804
618,F Dickinson,Minnesota,0.24716884428417615
619,F Dickinson,Mississippi,0.23745889940614967
620,F Dickinson,Mississippi St,0.24245278570949746
621,F Dickinson,Montana,0.2506723394680903
622,F Dickinson,Murray St,0.2237327735133389
623,F Dickinson,N Dakota St,0.2209688913368811
624,F Dickinson,N Kentucky,0.016945660164498555
625,F Dickinson,NC Central,0.24783055762960104
626,F Dickinson,Nevada,0.16376641498215727
627,F Dickinson,New Mexico St,0.20042566442465343
628,F Dickinson,North Carolina,0.10389109605006766
629,F Dickinson,Northeastern,0.2050514844393802
630,F Dickinson,Ohio St,0.2333123273918104
631,F Dickinson,Oklahoma,0.16376641498215727
632,F Dickinson,Old Dominion,0.1833430240589651
633,F Dickinson,Oregon,0.2060519126872049
634,F Dickinson,Prairie View,0.09007277548501666
635,F Dickinson,Purdue,0.2484293355863022
636,F Dickinson,Seton Hall,0.2193230113616076
637,F Dickinson,St John's,0.2505226698891131
638,F Dickinson,St Louis,0.2150143360792222
639,F Dickinson,St Mary's CA,0.3620796574952931
640,F Dickinson,Syracuse,0.17709459533459776
641,F Dickinson,Temple,0.2271090390226715
642,F Dickinson,Tennessee,0.21088778934559071
643,F Dickinson,Texas Tech,0.02058106218872402
644,F Dickinson,UC Irvine,0.03508264695469421
645,F Dickinson,UCF,0.24204052094475595
646,F Dickinson,Utah St,0.24716884428417615
647,F Dickinson,VA Commonwealth,0.11713129069518305
648,F Dickinson,Vermont,0.09936938818963884
649,F Dickinson,Villanova,0.2271090390226715
650,F Dickinson,Virginia,0.24381653877621148
651,F Dickinson,Virginia Tech,0.2453889673251267
652,F Dickinson,Washington,0.23290055679352836
653,F Dickinson,Wisconsin,0.20388311961922137
654,F Dickinson,Wofford,0.09007277548501666
655,F Dickinson,Yale,0.2067597179833769
656,Florida,Florida St,0.23026382528889158
657,Florida,Gardner Webb,0.2173405037442927
658,Florida,Georgia St,0.15362003478907404
659,Florida,Gonzaga,0.26932903305989553
660,Florida,Houston,0.26713918587648133
661,Florida,Iona,0.26932903305989553
662,Florida,Iowa,0.23072306147221483
663,Florida,Iowa St,0.25044361383926744
664,Florida,Kansas,0.1495605821602194
665,Florida,Kansas St,0.1836016871087814
666,Florida,Liberty,0.26700411641080024
667,Florida,Louisville,0.26924799138048644
668,Florida,LSU,0.2702828408190707
669,Florida,Marquette,0.26177610784209626
670,Florida,Maryland,0.23631662303714826
671,Florida,Michigan,0.14709165766675839
672,Florida,Minnesota,0.26700411641080024
673,Florida,Mississippi,0.2572941715327738
674,Florida,Mississippi St,0.26228805783612047
675,Florida,Montana,0.2705076115947144
676,Florida,Murray St,0.243568045639963
677,Florida,N Dakota St,0.24080416346350522
678,Florida,N Kentucky,0.00288961196212556
679,Florida,NC Central,0.26766582975622627
680,Florida,Nevada,0.1836016871087814
681,Florida,New Mexico St,0.22026093655127751
682,Florida,North Carolina,0.12372636817669178
683,Florida,Northeastern,0.22488675656600432
684,Florida,Ohio St,0.2531475995184345
685,Florida,Oklahoma,0.1836016871087814
686,Florida,Old Dominion,0.20317829618558922
687,Florida,Oregon,0.22588718481382902
688,Florida,Prairie View,0.10990804761164077
689,Florida,Purdue,0.2682646077129263
690,Florida,Seton Hall,0.2391582834882317
691,Florida,St John's,0.2703579420157361
692,Florida,St Louis,0.23484960820584633
693,Florida,St Mary's CA,0.342244385368669
694,Florida,Syracuse,0.19692986746122185
695,Florida,Temple,0.2469443111492956
696,Florida,Texas Tech,0.0007457900620999047
697,Florida,UC Irvine,0.05491791908131832
698,Florida,UCF,0.2618757930713789
699,Florida,Utah St,0.26700411641080024
700,Florida,VA Commonwealth,0.13696656282180716
701,Florida,Vermont,0.11920466031626292
702,Florida,Villanova,0.2469443111492956
703,Florida,Virginia,0.26365181090283557
704,Florida,Virginia Tech,0.26522423945175194
705,Florida,Washington,0.25273582892015134
706,Florida,Wisconsin,0.22371839174584549
707,Florida,Wofford,0.10990804761164077
708,Florida St,Gardner Webb,0.21895381376840062
709,Florida St,Georgia St,0.15523334481317969
710,Florida St,Gonzaga,0.27094234308400234
711,Florida St,Houston,0.2687524959005904
712,Florida St,Iona,0.27094234308400234
713,Florida St,Iowa,0.23233637149632388
714,Florida St,Iowa St,0.2520569238633731
715,Florida St,Kansas,0.1511738921843262
716,Florida St,Kansas St,0.18521499713288817
717,Florida St,Kentucky,0.19916449702747352
718,Florida St,Liberty,0.26861742643490477
719,Florida St,Louisville,0.2708613014045921
720,Florida St,LSU,0.2718961508431741
721,Florida St,Marquette,0.2633894178662008
722,Florida St,Maryland,0.23792993306125731
723,Florida St,Michigan,0.14870496769086516
724,Florida St,Michigan St,0.11633299798394947
725,Florida St,Minnesota,0.26861742643490477
726,Florida St,Mississippi,0.2589074815568794
727,Florida St,Mississippi St,0.26390136786022494
728,Florida St,Montana,0.27212092161882123
729,Florida St,Murray St,0.2451813556640675
730,Florida St,N Dakota St,0.24241747348761314
731,Florida St,N Kentucky,0.004502921986232367
732,Florida St,NC Central,0.2692791397803342
733,Florida St,Nevada,0.18521499713288817
734,Florida St,New Mexico St,0.22187424657538432
735,Florida St,North Carolina,0.12533967820079517
736,Florida St,Northeastern,0.22650006659010996
737,Florida St,Ohio St,0.25476090954254244
738,Florida St,Oklahoma,0.18521499713288817
739,Florida St,Old Dominion,0.204791606209696
740,Florida St,Oregon,0.22750049483793808
741,Florida St,Prairie View,0.11152135763574755
742,Florida St,Purdue,0.26987791773703307
743,Florida St,Seton Hall,0.24077159351233848
744,Florida St,St John's,0.27197125203984285
745,Florida St,St Louis,0.2364629182299531
746,Florida St,St Mary's CA,0.3406310753445633
747,Florida St,Syracuse,0.19854317748532752
748,Florida St,Temple,0.24855762117340238
749,Florida St,Tennessee,0.23233637149632388
750,Florida St,Texas Tech,0.0008675199620057916
751,Florida St,UC Irvine,0.05653122910542624
752,Florida St,UCF,0.26348910309548573
753,Florida St,Utah St,0.26861742643490477
754,Florida St,VA Commonwealth,0.13857987284591394
755,Florida St,Vermont,0.12081797034037198
756,Florida St,Villanova,0.24855762117340238
757,Florida St,Virginia,0.2652651209269424
758,Florida St,Virginia Tech,0.2668375494758576
759,Florida St,Washington,0.2543491389442581
760,Florida St,Wisconsin,0.22533170176995454
761,Florida St,Wofford,0.11152135763574755
762,Florida St,Yale,0.22820830013410892
763,Gardner Webb,Georgia St,0.15395202421163073
764,Gardner Webb,Gonzaga,0.26219425307953925
765,Gardner Webb,Houston,0.259537732808441
766,Gardner Webb,Iona,0.26219425307953925
767,Gardner Webb,Iowa,0.2203215698780838
768,Gardner Webb,Iowa St,0.2411875925512644
769,Gardner Webb,Kansas,0.1500092398546977
770,Gardner Webb,Kansas St,0.18300033035597227
771,Gardner Webb,Kentucky,0.1857496761461881
772,Gardner Webb,Liberty,0.2617360287811688
773,Gardner Webb,Louisville,0.26351323066317545
774,Gardner Webb,LSU,0.2635213993088571
775,Gardner Webb,Marquette,0.253474645142531
776,Gardner Webb,Maryland,0.23353745854182567
777,Gardner Webb,Michigan,0.14761031632438873
778,Gardner Webb,Michigan St,0.13674791518046614
779,Gardner Webb,Minnesota,0.2617360287811688
780,Gardner Webb,Mississippi,0.253129129383122
781,Gardner Webb,Mississippi St,0.2576422009900662
782,Gardner Webb,Montana,0.2639561729739592
783,Gardner Webb,Murray St,0.23386656367735237
784,Gardner Webb,N Dakota St,0.23777610665475266
785,Gardner Webb,N Kentucky,0.013811966315716295
786,Gardner Webb,NC Central,0.260157711305725
787,Gardner Webb,Nevada,0.18300033035597227
788,Gardner Webb,New Mexico St,0.21825956053542306
789,Gardner Webb,North Carolina,0.1096848264986365
790,Gardner Webb,Northeastern,0.21420526111926286
791,Gardner Webb,Ohio St,0.24931542908167598
792,Gardner Webb,Oklahoma,0.18300033035597227
793,Gardner Webb,Old Dominion,0.20187692980125743
794,Gardner Webb,Oregon,0.21525235667585482
795,Gardner Webb,Prairie View,0.11140671975340194
796,Gardner Webb,Purdue,0.2627631835394562
797,Gardner Webb,Seton Hall,0.23622356129701141
798,Gardner Webb,St John's,0.2636474102969087
799,Gardner Webb,St Louis,0.23214822255846917
800,Gardner Webb,St Mary's CA,0.3331728817586103
801,Gardner Webb,Syracuse,0.19586183762073323
802,Gardner Webb,Temple,0.24354291587039578
803,Gardner Webb,Tennessee,0.2203215698780838
804,Gardner Webb,Texas Tech,0.0031329148268396945
805,Gardner Webb,UC Irvine,0.05767660855982301
806,Gardner Webb,UCF,0.2572743812812961
807,Gardner Webb,Utah St,0.2617360287811688
808,Gardner Webb,VA Commonwealth,0.13776522533204566
809,Gardner Webb,Vermont,0.12046999591418547
810,Gardner Webb,Villanova,0.24354291587039578
811,Gardner Webb,Virginia,0.25885039636089047
812,Gardner Webb,Virginia Tech,0.2602228221579399
813,Gardner Webb,Washington,0.24893442813752234
814,Gardner Webb,Wisconsin,0.22156145803409785
815,Gardner Webb,Wofford,0.11140671975340194
816,Gardner Webb,Yale,0.21599349576400423
817,Georgia St,Gonzaga,0.2719857110014091
818,Georgia St,Houston,0.2697958638179938
819,Georgia St,Iona,0.2719857110014091
820,Georgia St,Iowa,0.23337973941372725
821,Georgia St,Iowa St,0.25310029178077986
822,Georgia St,Kansas,0.15221726010173184
823,Georgia St,Kansas St,0.1862583650502938
824,Georgia St,Kentucky,0.20020786494487688
825,Georgia St,Liberty,0.26966079435231266
826,Georgia St,Louisville,0.27190466932199886
827,Georgia St,LSU,0.2729395187605843
828,Georgia St,Marquette,0.2644327857836087
829,Georgia St,Maryland,0.2389733009786607
830,Georgia St,Michigan,0.14974833560827194
831,Georgia St,Michigan St,0.1152896300665438
832,Georgia St,Minnesota,0.26966079435231266
833,Georgia St,Mississippi,0.2599508494742862
834,Georgia St,Mississippi St,0.264944735777634
835,Georgia St,Montana,0.27316428953622685
836,Georgia St,Murray St,0.24622472358147543
837,Georgia St,N Dakota St,0.24346084140501767
838,Georgia St,N Kentucky,0.005546289903638035
839,Georgia St,NC Central,0.27032250769773875
840,Georgia St,Nevada,0.1862583650502938
841,Georgia St,New Mexico St,0.22291761449278996
842,Georgia St,North Carolina,0.12638304611820533
843,Georgia St,Northeastern,0.22754343450751788
844,Georgia St,Ohio St,0.25580427745994694
845,Georgia St,Oklahoma,0.1862583650502938
846,Georgia St,Old Dominion,0.20583497412710167
847,Georgia St,Oregon,0.22854386275534147
848,Georgia St,Prairie View,0.11256472555315322
849,Georgia St,Purdue,0.27092128565443874
850,Georgia St,Seton Hall,0.2418149614297453
851,Georgia St,St John's,0.2730146199572496
852,Georgia St,St Louis,0.23750628614735875
853,Georgia St,St Mary's CA,0.33958770742715544
854,Georgia St,Syracuse,0.1995865454027343
855,Georgia St,Temple,0.24960098909080802
856,Georgia St,Tennessee,0.23337973941372725
857,Georgia St,Texas Tech,0.0019108878794136808
858,Georgia St,UC Irvine,0.05757459702283077
859,Georgia St,UCF,0.2645324710128925
860,Georgia St,Utah St,0.26966079435231266
861,Georgia St,VA Commonwealth,0.1396232407633196
862,Georgia St,Vermont,0.12186133825777651
863,Georgia St,Villanova,0.24960098909080802
864,Georgia St,Virginia,0.26630848884434805
865,Georgia St,Virginia Tech,0.26788091739326436
866,Georgia St,Washington,0.2553925068616649
867,Georgia St,Wisconsin,0.22637506968735793
868,Georgia St,Wofford,0.11256472555315322
869,Georgia St,Yale,0.22925166805151342
870,Gonzaga,Houston,0.11536074406626395
871,Gonzaga,Iona,0.11801726433736331
872,Gonzaga,Iowa,0.07614458113590675
873,Gonzaga,Iowa St,0.09701060380908624
874,Gonzaga,Kansas,0.00583225111252067
875,Gonzaga,Kansas St,0.03882334161379522
876,Gonzaga,Kentucky,0.041572687404011044
877,Gonzaga,Liberty,0.11755904003899176
878,Gonzaga,Louisville,0.11933624192099729
879,Gonzaga,LSU,0.11934441056668008
880,Gonzaga,Marquette,0.10929765640035394
881,Gonzaga,Maryland,0.08936046979964865
882,Gonzaga,Michigan,0.0034333275822128195
883,Gonzaga,Michigan St,0.2809249039226432
884,Gonzaga,Minnesota,0.11755904003899176
885,Gonzaga,Mississippi,0.10895214064094494
886,Gonzaga,Mississippi St,0.1134652122478903
887,Gonzaga,Montana,0.11977918423178216
888,Gonzaga,Murray St,0.08968957493517532
889,Gonzaga,N Dakota St,0.09359911791257561
890,Gonzaga,N Kentucky,0.15798895505789334
891,Gonzaga,NC Central,0.11598072256354683
892,Gonzaga,Nevada,0.03882334161379522
893,Gonzaga,New Mexico St,0.07408257179324601
894,Gonzaga,North Carolina,0.034492162243539404
895,Gonzaga,Northeastern,0.07002827237708467
896,Gonzaga,Ohio St,0.10513844033949896
897,Gonzaga,Oklahoma,0.03882334161379522
898,Gonzaga,Old Dominion,0.057699941059080384
899,Gonzaga,Oregon,0.0710753679336778
900,Gonzaga,Prairie View,0.03277026898877511
901,Gonzaga,Purdue,0.11858619479727919
902,Gonzaga,Seton Hall,0.09204657255483437
903,Gonzaga,St John's,0.11947042155473275
904,Gonzaga,St Louis,0.08797123381629215
905,Gonzaga,St Mary's CA,0.4773498705007873
906,Gonzaga,Syracuse,0.05168484887855618
907,Gonzaga,Temple,0.09936592712821876
908,Gonzaga,Tennessee,0.07614458113590675
909,Gonzaga,Texas Tech,0.14104407391533735
910,Gonzaga,UC Irvine,0.08650038018235401
911,Gonzaga,UCF,0.11309739253912021
912,Gonzaga,Utah St,0.11755904003899176
913,Gonzaga,VA Commonwealth,0.006411763410131388
914,Gonzaga,Vermont,0.023706992827991547
915,Gonzaga,Villanova,0.09936592712821876
916,Gonzaga,Virginia,0.11467340761871342
917,Gonzaga,Virginia Tech,0.11604583341576175
918,Gonzaga,Washington,0.10475743939534643
919,Gonzaga,Wisconsin,0.0773844692919208
920,Gonzaga,Wofford,0.03277026898877511
921,Gonzaga,Yale,0.07181650702182832
922,Houston,Iona,0.2629697553349699
923,Houston,Iowa,0.22109707213351673
924,Houston,Iowa St,0.24196309480669395
925,Houston,Kansas,0.15078474211013065
926,Houston,Kansas St,0.18377583261140748
927,Houston,Liberty,0.262511531036604
928,Houston,Louisville,0.26428873291860727
929,Houston,LSU,0.2642969015642889
930,Houston,Marquette,0.2542501473979662
931,Houston,Maryland,0.23431296079725636
932,Houston,Michigan,0.14838581857982167
933,Houston,Michigan St,0.13597241292503548
934,Houston,Minnesota,0.262511531036604
935,Houston,Mississippi,0.25390463163855154
936,Houston,Mississippi St,0.25841770324550145
937,Houston,Montana,0.26473167522939217
938,Houston,Murray St,0.2346420659327853
939,Houston,N Dakota St,0.2385516089101822
940,Houston,N Kentucky,0.01303646406028336
941,Houston,NC Central,0.26093321356115456
942,Houston,Nevada,0.18377583261140748
943,Houston,New Mexico St,0.219035062790856
944,Houston,North Carolina,0.11046032875407058
945,Houston,Northeastern,0.21498076337469466
946,Houston,Ohio St,0.2500909313371055
947,Houston,Oklahoma,0.18377583261140748
948,Houston,Old Dominion,0.20265243205669037
949,Houston,Oregon,0.21602785893129003
950,Houston,Prairie View,0.11218222200883488
951,Houston,Purdue,0.26353868579488915
952,Houston,Seton Hall,0.23699906355244663
953,Houston,St John's,0.26442291255233935
954,Houston,St Louis,0.23292372481390214
955,Houston,St Mary's CA,0.3323973795031773
956,Houston,Syracuse,0.19663733987616278
957,Houston,Temple,0.24431841812582875
958,Houston,Tennessee,0.22109707213351673
959,Houston,Texas Tech,0.003908417082273796
960,Houston,UC Irvine,0.05845211081525484
961,Houston,UCF,0.25804988353672903
962,Houston,Utah St,0.262511531036604
963,Houston,VA Commonwealth,0.1385407275874786
964,Houston,Vermont,0.12124549816961841
965,Houston,Villanova,0.24431841812582875
966,Houston,Virginia,0.2596258986163211
967,Houston,Virginia Tech,0.260998324413374
968,Houston,Washington,0.24970993039295755
969,Houston,Wisconsin,0.2223369602895308
970,Houston,Wofford,0.11218222200883488
971,Houston,Yale,0.2167689980194372
972,Iona,Iowa,0.2295370880918688
973,Iona,Iowa St,0.249257640458918
974,Iona,Kansas,0.14837460877987335
975,Iona,Kansas St,0.18241571372843307
976,Iona,Kentucky,0.1963652136230184
977,Iona,Liberty,0.2658181430304519
978,Iona,Louisville,0.26806201800013923
979,Iona,LSU,0.2690968674387224
980,Iona,Marquette,0.26059013446174795
981,Iona,Maryland,0.23513064965680222
982,Iona,Michigan,0.14590568428641348
983,Iona,Michigan St,0.11913228138840232
984,Iona,Minnesota,0.2658181430304519
985,Iona,Mississippi,0.25610819815242547
986,Iona,Mississippi St,0.26110208445577326
987,Iona,Montana,0.2693216382143684
988,Iona,Murray St,0.2423820722596147
989,Iona,N Dakota St,0.23961819008315918
990,Iona,N Kentucky,0.0017036385817772448
991,Iona,NC Central,0.2664798563758791
992,Iona,Nevada,0.18241571372843307
993,Iona,New Mexico St,0.21907496317092923
994,Iona,North Carolina,0.12254039479634346
995,Iona,Northeastern,0.223700783185656
996,Iona,Ohio St,0.2519616261380885
997,Iona,Oklahoma,0.18241571372843307
998,Iona,Old Dominion,0.20199232280524315
999,Iona,Oregon,0.22470121143348298
1000,Iona,Prairie View,0.10872207423129246
1001,Iona,Purdue,0.2670786343325803
1002,Iona,Seton Hall,0.23797231010788567
1003,Iona,St John's,0.26917196863539117
1004,Iona,St Louis,0.2336636348255003
1005,Iona,St Mary's CA,0.343430358749015
1006,Iona,Syracuse,0.1957438940808758
1007,Iona,Temple,0.2457583377689473
1008,Iona,Tennessee,0.2295370880918688
1009,Iona,Texas Tech,0.00193176344244822
1010,Iona,UC Irvine,0.05373194570097228
1011,Iona,UCF,0.2606898196910318
1012,Iona,Utah St,0.2658181430304519
1013,Iona,VA Commonwealth,0.13578058944145885
1014,Iona,Vermont,0.11801868693591688
1015,Iona,Villanova,0.2457583377689473
1016,Iona,Virginia,0.26246583752248726
1017,Iona,Virginia Tech,0.26403826607140246
1018,Iona,Washington,0.25154985553980413
1019,Iona,Wisconsin,0.22253241836549945
1020,Iona,Wofford,0.10872207423129246
1021,Iona,Yale,0.22540901672965497
1022,Iowa,Iowa St,0.24337464950812412
1023,Iowa,Kansas,0.15219629681156083
1024,Iowa,Kansas St,0.18518738731283765
1025,Iowa,Kentucky,0.18793673310304893
1026,Iowa,Liberty,0.2639230857380342
1027,Iowa,Louisville,0.26570028762003745
1028,Iowa,LSU,0.26570845626572026
1029,Iowa,Marquette,0.25566170209939637
1030,Iowa,Maryland,0.23572451549868653
1031,Iowa,Michigan,0.14979737328125298
1032,Iowa,Michigan St,0.1345608582236053
1033,Iowa,Minnesota,0.2639230857380342
1034,Iowa,Mississippi,0.2553161863399828
1035,Iowa,Mississippi St,0.25982925794693273
1036,Iowa,Montana,0.26614322993082234
1037,Iowa,Murray St,0.23605362063421548
1038,Iowa,N Dakota St,0.23996316361161352
1039,Iowa,N Kentucky,0.011624909358853186
1040,Iowa,NC Central,0.26234476826258474
1041,Iowa,Nevada,0.18518738731283765
1042,Iowa,New Mexico St,0.22044661749228617
1043,Iowa,North Carolina,0.11187188345550189
1044,Iowa,Northeastern,0.21639231807612597
1045,Iowa,Ohio St,0.25150248603853687
1046,Iowa,Oklahoma,0.18518738731283765
1047,Iowa,Old Dominion,0.20406398675812054
1048,Iowa,Oregon,0.2174394136327202
1049,Iowa,Prairie View,0.11359377671026505
1050,Iowa,Purdue,0.2649502404963193
1051,Iowa,Seton Hall,0.2384106182538768
1052,Iowa,St John's,0.26583446725377063
1053,Iowa,St Louis,0.2343352795153323
1054,Iowa,St Mary's CA,0.33098582480174715
1055,Iowa,Syracuse,0.19804889457759406
1056,Iowa,Temple,0.24572997282725892
1057,Iowa,Tennessee,0.2225086268349469
1058,Iowa,Texas Tech,0.00531997178370508
1059,Iowa,UC Irvine,0.05986366551668612
1060,Iowa,UCF,0.25946143823816037
1061,Iowa,Utah St,0.2639230857380342
1062,Iowa,VA Commonwealth,0.13995228228890877
1063,Iowa,Vermont,0.12265705287104858
1064,Iowa,Villanova,0.24572997282725892
1065,Iowa,Virginia,0.2610374533177513
1066,Iowa,Virginia Tech,0.2624098791148042
1067,Iowa,Washington,0.25112148509438886
1068,Iowa,Wisconsin,0.22374851499096096
1069,Iowa,Wofford,0.11359377671026505
1070,Iowa,Yale,0.2181805527208685
1071,Iowa St,Kansas,0.14399197383349366
1072,Iowa St,Kansas St,0.17698306433476824
1073,Iowa St,Kentucky,0.17973241012498406
1074,Iowa St,Liberty,0.25571876275996475
1075,Iowa St,Louisville,0.25749596464197144
1076,Iowa St,LSU,0.2575041332876531
1077,Iowa St,Marquette,0.24745737912132695
1078,Iowa St,Maryland,0.22752019252062167
1079,Iowa St,Michigan,0.1415930503031847
1080,Iowa St,Michigan St,0.14276518120166903
1081,Iowa St,Minnesota,0.25571876275996475
1082,Iowa St,Mississippi,0.24711186336191795
1083,Iowa St,Mississippi St,0.2516249349688622
1084,Iowa St,Montana,0.2579389069527552
1085,Iowa St,Murray St,0.22784929765614836
1086,Iowa St,N Dakota St,0.23175884063354862
1087,Iowa St,N Kentucky,0.01982923233691919
1088,Iowa St,NC Central,0.254140445284521
1089,Iowa St,Nevada,0.17698306433476824
1090,Iowa St,New Mexico St,0.21224229451421905
1091,Iowa St,North Carolina,0.10366756047743247
1092,Iowa St,Northeastern,0.20818799509805883
1093,Iowa St,Ohio St,0.24329816306047197
1094,Iowa St,Oklahoma,0.17698306433476824
1095,Iowa St,Old Dominion,0.1958596637800534
1096,Iowa St,Oregon,0.2092350906546508
1097,Iowa St,Prairie View,0.10538945373219791
1098,Iowa St,Purdue,0.2567459175182522
1099,Iowa St,Seton Hall,0.23020629527580738
1100,Iowa St,St John's,0.25763014427570463
1101,Iowa St,St Louis,0.22613095653726517
1102,Iowa St,St Mary's CA,0.3391901477798143
1103,Iowa St,Syracuse,0.1898445715995292
1104,Iowa St,Temple,0.23752564984919178
1105,Iowa St,Tennessee,0.21430430385687976
1106,Iowa St,Texas Tech,0.0028843511943643096
1107,Iowa St,UC Irvine,0.05165934253861901
1108,Iowa St,UCF,0.2512571152600921
1109,Iowa St,Utah St,0.25571876275996475
1110,Iowa St,VA Commonwealth,0.13174795931084163
1111,Iowa St,Vermont,0.11445272989298144
1112,Iowa St,Villanova,0.23752564984919178
1113,Iowa St,Virginia,0.2528331303396864
1114,Iowa St,Virginia Tech,0.2542055561367359
1115,Iowa St,Washington,0.2429171621163183
1116,Iowa St,Wisconsin,0.21554419201289382
1117,Iowa St,Wofford,0.10538945373219791
1118,Iowa St,Yale,0.20997622974280022
1119,Kansas,Kansas St,0.15903529326937682
1120,Kansas,Kentucky,0.16640784007108972
1121,Kansas,Liberty,0.23777099169457336
1122,Kansas,Louisville,0.2395481935765789
1123,Kansas,LSU,0.23955636222226168
1124,Kansas,Marquette,0.23063276090981927
1125,Kansas,Maryland,0.20957242145523025
1126,Kansas,Michigan,0.12364527923779442
1127,Kansas,Michigan St,0.14908965494033327
1128,Kansas,Minnesota,0.23777099169457336
1129,Kansas,Mississippi,0.22916409229652657
1130,Kansas,Mississippi St,0.2336771639034719
1131,Kansas,Montana,0.23999113588736376
1132,Kansas,Murray St,0.21242469870768602
1133,Kansas,N Dakota St,0.2138110695681572
1134,Kansas,N Kentucky,0.028253734970149158
1135,Kansas,NC Central,0.23652248282395044
1136,Kansas,Nevada,0.15903529326937682
1137,Kansas,New Mexico St,0.19429452344882764
1138,Kansas,North Carolina,0.09258302124441478
1139,Kansas,Northeastern,0.1937434096337296
1140,Kansas,Ohio St,0.22535039199508056
1141,Kansas,Oklahoma,0.15903529326937682
1142,Kansas,Old Dominion,0.17791189271466198
1143,Kansas,Oregon,0.1947438378815543
1144,Kansas,Prairie View,0.08744168266680649
1145,Kansas,Purdue,0.2387981464528608
1146,Kansas,Seton Hall,0.21225852421041597
1147,Kansas,St John's,0.23968237321031435
1148,Kansas,St Louis,0.20818318547187376
1149,Kansas,St Mary's CA,0.3571379188452058
1150,Kansas,Syracuse,0.17189680053413778
1151,Kansas,Temple,0.21957787878380036
1152,Kansas,Tennessee,0.1995797145399401
1153,Kansas,Texas Tech,0.020832122259755725
1154,Kansas,UC Irvine,0.03371157147322759
1155,Kansas,UCF,0.2333093441947018
1156,Kansas,Utah St,0.23777099169457336
1157,Kansas,VA Commonwealth,0.11380018824545021
1158,Kansas,Vermont,0.09650495882759003
1159,Kansas,Villanova,0.21957787878380036
1160,Kansas,Virginia,0.23488535927429502
1161,Kansas,Virginia Tech,0.23625778507134335
1162,Kansas,Washington,0.22496939105092806
1163,Kansas,Wisconsin,0.1975964209475024
1164,Kansas,Wofford,0.08744168266680649
1165,Kansas,Yale,0.1954516431777263
1166,Kansas St,Liberty,0.24243774917591968
1167,Kansas St,Louisville,0.24421495105792407
1168,Kansas St,LSU,0.24422311970360913
1169,Kansas St,Marquette,0.23417636553728186
1170,Kansas St,Maryland,0.2142391789365743
1171,Kansas St,Michigan,0.12831203671913846
1172,Kansas St,Minnesota,0.24243774917591968
1173,Kansas St,Mississippi,0.2338308497778706
1174,Kansas St,Montana,0.24465789336870783
1175,Kansas St,Murray St,0.214568284072101
1176,Kansas St,N Dakota St,0.21847782704950128
1177,Kansas St,N Kentucky,0.033110245920967674
1178,Kansas St,NC Central,0.24085943170047364
1179,Kansas St,Nevada,0.16370205075072314
1180,Kansas St,New Mexico St,0.19896128093017168
1181,Kansas St,Northeastern,0.19490698151401487
1182,Kansas St,Ohio St,0.2300171494764246
1183,Kansas St,Oklahoma,0.16370205075072314
1184,Kansas St,Old Dominion,0.1825786501960083
1185,Kansas St,Oregon,0.19595407707060572
1186,Kansas St,Prairie View,0.09210844014815281
1187,Kansas St,Purdue,0.2434649039342071
1188,Kansas St,Seton Hall,0.21692528169176345
1189,Kansas St,St John's,0.24434913069165842
1190,Kansas St,St Louis,0.2128499429532178
1191,Kansas St,St Mary's CA,0.35247116136386053
1192,Kansas St,Syracuse,0.17656355801548185
1193,Kansas St,Temple,0.2242446362651444
1194,Kansas St,Texas Tech,0.016165364778408242
1195,Kansas St,UC Irvine,0.03837832895457391
1196,Kansas St,UCF,0.23797610167604585
1197,Kansas St,Utah St,0.24243774917591968
1198,Kansas St,VA Commonwealth,0.11846694572679653
1199,Kansas St,Vermont,0.10117171630893523
1200,Kansas St,Villanova,0.2242446362651444
1201,Kansas St,Virginia,0.23955211675563906
1202,Kansas St,Virginia Tech,0.2409245425526908
1203,Kansas St,Washington,0.22963614853227438
1204,Kansas St,Wofford,0.09210844014815281
1205,Kentucky,Liberty,0.26885999179181114
1206,Kentucky,Louisville,0.27110386676149845
1207,Kentucky,LSU,0.2721387162000816
1208,Kentucky,Marquette,0.26363198322310716
1209,Kentucky,Maryland,0.2381724984181637
1210,Kentucky,Michigan,0.1489475330477727
1211,Kentucky,Michigan St,0.1160904326270431
1212,Kentucky,Minnesota,0.26885999179181114
1213,Kentucky,Mississippi,0.25915004691378696
1214,Kentucky,Mississippi St,0.2641439332171325
1215,Kentucky,Montana,0.2723634869757276
1216,Kentucky,Murray St,0.2454239210209739
1217,Kentucky,N Dakota St,0.24266003884452067
1218,Kentucky,N Kentucky,0.004745487343138732
1219,Kentucky,NC Central,0.2695217051372406
1220,Kentucky,Nevada,0.18545756248979456
1221,Kentucky,New Mexico St,0.2221168119322907
1222,Kentucky,North Carolina,0.12558224355770267
1223,Kentucky,Northeastern,0.2267426319470175
1224,Kentucky,Ohio St,0.25500347489944997
1225,Kentucky,Oklahoma,0.18545756248979456
1226,Kentucky,Old Dominion,0.2050341715666024
1227,Kentucky,Oregon,0.22774306019484447
1228,Kentucky,Prairie View,0.11176392299265395
1229,Kentucky,Purdue,0.2701204830939395
1230,Kentucky,Seton Hall,0.24101415886924488
1231,Kentucky,St John's,0.2722138173967504
1232,Kentucky,St Louis,0.2367054835868595
1233,Kentucky,St Mary's CA,0.34038850998765585
1234,Kentucky,Syracuse,0.19878574284223502
1235,Kentucky,Temple,0.24880018653030878
1236,Kentucky,Tennessee,0.23257893685323028
1237,Kentucky,Texas Tech,0.0011100853189132676
1238,Kentucky,UC Irvine,0.05677379446233377
1239,Kentucky,UCF,0.2637316684523932
1240,Kentucky,Utah St,0.26885999179181114
1241,Kentucky,VA Commonwealth,0.13882243820282034
1242,Kentucky,Vermont,0.12106053569727837
1243,Kentucky,Villanova,0.24880018653030878
1244,Kentucky,Virginia,0.26550768628384874
1245,Kentucky,Virginia Tech,0.26708011483276395
1246,Kentucky,Washington,0.2545917043011656
1247,Kentucky,Wisconsin,0.22557426712686093
1248,Kentucky,Wofford,0.11176392299265395
1249,Kentucky,Yale,0.22845086549101645
1250,Liberty,Louisville,0.23909326127483296
1251,Liberty,LSU,0.24012811071341614
1252,Liberty,Marquette,0.23162137773644167
1253,Liberty,Maryland,0.20858145299859862
1254,Liberty,Michigan,0.12265431078116504
1255,Liberty,Michigan St,0.14810103811370856
1256,Liberty,Minnesota,0.23684938630514565
1257,Liberty,Mississippi,0.2281731238398949
1258,Liberty,Mississippi St,0.23268619544684482
1259,Liberty,Montana,0.2403528814890621
1260,Liberty,Murray St,0.21341331553430842
1261,Liberty,N Dakota St,0.21282010111152558
1262,Liberty,N Kentucky,0.027265118143529
1263,Liberty,NC Central,0.23751109965057282
1264,Liberty,Nevada,0.15804432481274971
1265,Liberty,New Mexico St,0.19330355499219826
1266,Liberty,North Carolina,0.09357163807103719
1267,Liberty,Northeastern,0.1947320264603497
1268,Liberty,Ohio St,0.22435942353844893
1269,Liberty,Oklahoma,0.15804432481274971
1270,Liberty,Old Dominion,0.17692092425803263
1271,Liberty,Oregon,0.19573245470817668
1272,Liberty,Prairie View,0.08645071421017714
1273,Liberty,Purdue,0.23810987760727398
1274,Liberty,Seton Hall,0.2112675557537889
1275,Liberty,St John's,0.2402032119100849
1276,Liberty,St Louis,0.20719221701524437
1277,Liberty,St Mary's CA,0.3581288873018352
1278,Liberty,Syracuse,0.17090583207750615
1279,Liberty,Temple,0.21858691032717098
1280,Liberty,Tennessee,0.2005683313665625
1281,Liberty,Texas Tech,0.02182309071638283
1282,Liberty,UC Irvine,0.03272060301659821
1283,Liberty,UCF,0.23231837573807243
1284,Liberty,Utah St,0.23684938630514565
1285,Liberty,VA Commonwealth,0.11280921978882086
1286,Liberty,Vermont,0.09551399037096067
1287,Liberty,Villanova,0.21858691032717098
1288,Liberty,Virginia,0.2338943908176634
1289,Liberty,Virginia Tech,0.23526681661471627
1290,Liberty,Washington,0.22397842259430095
1291,Liberty,Wisconsin,0.19660545249087305
1292,Liberty,Wofford,0.08645071421017714
1293,Liberty,Yale,0.19644026000434867
1294,Louisville,LSU,0.26426218564054565
1295,Louisville,Marquette,0.2557554526635712
1296,Louisville,Maryland,0.2302959678586255
1297,Louisville,Michigan,0.14107100248823562
1298,Louisville,Michigan St,0.12396696318658129
1299,Louisville,Minnesota,0.26098346123227517
1300,Louisville,Mississippi,0.251273516354251
1301,Louisville,Mississippi St,0.2562674026575954
1302,Louisville,Montana,0.26448695641618936
1303,Louisville,Murray St,0.23754739046143797
1304,Louisville,N Dakota St,0.23478350828498243
1305,Louisville,N Kentucky,0.0031310432163972335
1306,Louisville,NC Central,0.26164517457770353
1307,Louisville,Nevada,0.1775810319302586
1308,Louisville,New Mexico St,0.21424028137275475
1309,Louisville,North Carolina,0.11770571299816673
1310,Louisville,Northeastern,0.21886610138748153
1311,Louisville,Ohio St,0.24712694433991172
1312,Louisville,Oklahoma,0.1775810319302586
1313,Louisville,Old Dominion,0.19715764100706418
1314,Louisville,Oregon,0.21986652963530623
1315,Louisville,Prairie View,0.10388739243311573
1316,Louisville,Purdue,0.26224395253440125
1317,Louisville,Seton Hall,0.23313762830970663
1318,Louisville,St John's,0.264337286837211
1319,Louisville,St Louis,0.22882895302732126
1320,Louisville,St Mary's CA,0.34826504054719404
1321,Louisville,Syracuse,0.1909092122826968
1322,Louisville,Temple,0.2409236559707728
1323,Louisville,Tennessee,0.22470240629369204
1324,Louisville,Texas Tech,0.006766445240622698
1325,Louisville,UC Irvine,0.04889726390279553
1326,Louisville,UCF,0.25585513789285613
1327,Louisville,Utah St,0.26098346123227517
1328,Louisville,VA Commonwealth,0.13094590764328212
1329,Louisville,Vermont,0.11318400513774016
1330,Louisville,Villanova,0.2409236559707728
1331,Louisville,Virginia,0.2576311557243128
1332,Louisville,Virginia Tech,0.25920358427322915
1333,Louisville,Washington,0.24671517374162855
1334,Louisville,Wisconsin,0.2176977365673227
1335,Louisville,Wofford,0.10388739243311573
1336,Louisville,Yale,0.22057433493147707
1337,LSU,Marquette,0.26427111056614544
1338,LSU,Maryland,0.23881162576120202
1339,LSU,Michigan,0.14958666039081098
1340,LSU,Michigan St,0.11545130528400477
1341,LSU,Minnesota,0.2694991191348495
1342,LSU,Mississippi,0.25978917425682524
1343,LSU,Mississippi St,0.26478306056017076
1344,LSU,Montana,0.2730026143187659
1345,LSU,Murray St,0.24606304836401222
1346,LSU,N Dakota St,0.24329916618755895
1347,LSU,N Kentucky,0.005384614686177069
1348,LSU,NC Central,0.2701608324802789
1349,LSU,Nevada,0.18609668983283284
1350,LSU,New Mexico St,0.222755939275329
1351,LSU,North Carolina,0.12622137090074098
1352,LSU,Northeastern,0.22738175929005577
1353,LSU,Ohio St,0.25564260224248825
1354,LSU,Oklahoma,0.18609668983283284
1355,LSU,Old Dominion,0.20567329890964067
1356,LSU,Oregon,0.22838218753788275
1357,LSU,Prairie View,0.11240305033569226
1358,LSU,Purdue,0.27075961043697777
1359,LSU,Seton Hall,0.24165328621228316
1360,LSU,St John's,0.27285294473978866
1361,LSU,St Louis,0.23734461092989778
1362,LSU,St Mary's CA,0.33974938264461757
1363,LSU,Syracuse,0.19942487018527333
1364,LSU,Temple,0.24943931387334706
1365,LSU,Tennessee,0.23321806419626856
1366,LSU,Texas Tech,0.0017492126619516046
1367,LSU,UC Irvine,0.05741292180537205
1368,LSU,UCF,0.26437079579543155
1369,LSU,Utah St,0.2694991191348495
1370,LSU,VA Commonwealth,0.13946156554585862
1371,LSU,Vermont,0.12169966304031668
1372,LSU,Villanova,0.24943931387334706
1373,LSU,Virginia,0.2661468136268871
1374,LSU,Virginia Tech,0.26771924217580223
1375,LSU,Washington,0.2552308316442039
1376,LSU,Wisconsin,0.22621339446989921
1377,LSU,Wofford,0.11240305033569226
1378,LSU,Yale,0.22908999283405473
1379,Marquette,Maryland,0.23275203461120306
1380,Marquette,Michigan,0.14352706924081432
1381,Marquette,Michigan St,0.12151089643400148
1382,Marquette,Minnesota,0.26343952798485504
1383,Marquette,Mississippi,0.2537295831068286
1384,Marquette,Mississippi St,0.2587234694101764
1385,Marquette,Montana,0.2669430231687692
1386,Marquette,Murray St,0.2400034572140178
1387,Marquette,N Dakota St,0.23723957503756002
1388,Marquette,N Kentucky,0.0006749764638196432
1389,Marquette,NC Central,0.26410124133027996
1390,Marquette,Nevada,0.18003709868283618
1391,Marquette,New Mexico St,0.2166963481253323
1392,Marquette,North Carolina,0.12016177975074657
1393,Marquette,Northeastern,0.22132216814005912
1394,Marquette,Ohio St,0.2495830110924893
1395,Marquette,Oklahoma,0.18003709868283618
1396,Marquette,Old Dominion,0.199613707759644
1397,Marquette,Oregon,0.22232259638788382
1398,Marquette,Prairie View,0.10634345918569557
1399,Marquette,Purdue,0.2647000192869811
1400,Marquette,Seton Hall,0.2355936950622865
1401,Marquette,St John's,0.266793353589792
1402,Marquette,St Louis,0.23128501977990112
1403,Marquette,St Mary's CA,0.3458089737946142
1404,Marquette,Syracuse,0.19336527903527664
1405,Marquette,Temple,0.2433797227233504
1406,Marquette,Tennessee,0.22715847304626963
1407,Marquette,Texas Tech,0.004310378488045108
1408,Marquette,UC Irvine,0.05135333065537312
1409,Marquette,UCF,0.25831120464543483
1410,Marquette,Utah St,0.26343952798485504
1411,Marquette,VA Commonwealth,0.13340197439586196
1412,Marquette,Vermont,0.11564007189031772
1413,Marquette,Villanova,0.2433797227233504
1414,Marquette,Virginia,0.26008722247689037
1415,Marquette,Virginia Tech,0.2616596510258056
1416,Marquette,Washington,0.24917124049420725
1417,Marquette,Wisconsin,0.22015380331990028
1418,Marquette,Wofford,0.10634345918569557
1419,Marquette,Yale,0.2230304016840558
1420,Maryland,Michigan,0.13736798262205188
1421,Maryland,Michigan St,0.1276699830527639
1422,Maryland,Minnesota,0.2572804413660926
1423,Maryland,Mississippi,0.24757049648806614
1424,Maryland,Mississippi St,0.25256438279141397
1425,Maryland,Montana,0.26078393655000676
1426,Maryland,Murray St,0.23384437059525537
1427,Maryland,N Dakota St,0.23108048841879758
1428,Maryland,N Kentucky,0.006834063082582054
1429,Maryland,NC Central,0.2579421547115175
1430,Maryland,Nevada,0.17387801206407374
1431,Maryland,New Mexico St,0.21053726150656987
1432,Maryland,North Carolina,0.11400269313198413
1433,Maryland,Northeastern,0.21516308152129668
1434,Maryland,Ohio St,0.24342392447372685
1435,Maryland,Oklahoma,0.17387801206407374
1436,Maryland,Old Dominion,0.19345462114088158
1437,Maryland,Oregon,0.21616350976912138
1438,Maryland,Prairie View,0.10018437256693313
1439,Maryland,Purdue,0.25854093266821865
1440,Maryland,Seton Hall,0.22943460844352406
1441,Maryland,St John's,0.2606342669710296
1442,Maryland,St Louis,0.22512593316113866
1443,Maryland,St Mary's CA,0.35196806041337664
1444,Maryland,Syracuse,0.1872061924165142
1445,Maryland,Temple,0.23722063610458793
1446,Maryland,Tennessee,0.2209993864275072
1447,Maryland,Texas Tech,0.010469465106807518
1448,Maryland,UC Irvine,0.04519424403661068
1449,Maryland,UCF,0.2521521180266724
1450,Maryland,Utah St,0.2572804413660926
1451,Maryland,VA Commonwealth,0.12724288777709952
1452,Maryland,Vermont,0.10948098527155528
1453,Maryland,Villanova,0.23722063610458793
1454,Maryland,Virginia,0.25392813585812796
1455,Maryland,Virginia Tech,0.25550056440704316
1456,Maryland,Washington,0.2430121538754448
1457,Maryland,Wisconsin,0.21399471670113784
1458,Maryland,Wofford,0.10018437256693313
1459,Maryland,Yale,0.21687131506529336
1460,Michigan,Minnesota,0.26254211000235556
1461,Michigan,Mississippi,0.2528321651243302
1462,Michigan,Mississippi St,0.25782605142767573
1463,Michigan,Montana,0.26604560518627196
1464,Michigan,Murray St,0.2391060392315183
1465,Michigan,N Dakota St,0.23634215705506392
1466,Michigan,N Kentucky,0.0015723944463168493
1467,Michigan,NC Central,0.26320382334778497
1468,Michigan,Nevada,0.17913968070033895
1469,Michigan,New Mexico St,0.21579893014283508
1470,Michigan,North Carolina,0.11926436176824592
1471,Michigan,Northeastern,0.22042475015756074
1472,Michigan,Ohio St,0.2486855931099932
1473,Michigan,Oklahoma,0.17913968070033895
1474,Michigan,Old Dominion,0.19871628977714678
1475,Michigan,Oregon,0.22142517840538886
1476,Michigan,Prairie View,0.10544604120319834
1477,Michigan,Purdue,0.26380260130448385
1478,Michigan,Seton Hall,0.23469627707978927
1479,Michigan,St John's,0.26589593560729363
1480,Michigan,St Louis,0.23038760179740386
1481,Michigan,St Mary's CA,0.34670639177711254
1482,Michigan,Syracuse,0.1924678610527783
1483,Michigan,Temple,0.24248230474085317
1484,Michigan,Tennessee,0.22626105506377467
1485,Michigan,Texas Tech,0.00520779647054348
1486,Michigan,UC Irvine,0.050455912672877024
1487,Michigan,UCF,0.25741378666293646
1488,Michigan,Utah St,0.26254211000235556
1489,Michigan,VA Commonwealth,0.13250455641336473
1490,Michigan,Vermont,0.11474265390782276
1491,Michigan,Villanova,0.24248230474085317
1492,Michigan,Virginia,0.25918980449439316
1493,Michigan,Virginia Tech,0.26076223304330837
1494,Michigan,Washington,0.24827382251170887
1495,Michigan,Wisconsin,0.21925638533740532
1496,Michigan,Wofford,0.10544604120319834
1497,Michigan,Yale,0.2221329837015597
1498,Michigan St,Minnesota,0.0011021714084001322
1499,Michigan St,Mississippi,0.009709070806448061
1500,Michigan St,Mississippi St,0.005195999199501589
1501,Michigan St,Montana,0.0011179727843902976
1502,Michigan St,Murray St,0.028971636512216514
1503,Michigan St,N Dakota St,0.025062093534816254
1504,Michigan St,N Kentucky,0.27665016650528523
1505,Michigan St,NC Central,0.0026804888838450336
1506,Michigan St,Nevada,0.07983786983359664
1507,Michigan St,New Mexico St,0.044578639654145824
1508,Michigan St,North Carolina,0.15315337369093351
1509,Michigan St,Northeastern,0.048632939070304915
1510,Michigan St,Ohio St,0.013522771107894072
1511,Michigan St,Oklahoma,0.07983786983359664
1512,Michigan St,Old Dominion,0.060961270388311506
1513,Michigan St,Oregon,0.04758584351371409
1514,Michigan St,Prairie View,0.15143148043616694
1515,Michigan St,Purdue,7.501665011266923e-05
1516,Michigan St,Seton Hall,0.026614638892557496
1517,Michigan St,St John's,0.0008092101073408631
1518,Michigan St,St Louis,0.030689977631099707
1519,Michigan St,St Mary's CA,0.5960110819481792
1520,Michigan St,Syracuse,0.06697636256883571
1521,Michigan St,Temple,0.0192952843191731
1522,Michigan St,Tennessee,0.042516630311485115
1523,Michigan St,Texas Tech,0.25970528536272924
1524,Michigan St,UC Irvine,0.2051615916297459
1525,Michigan St,UCF,0.005563818908271678
1526,Michigan St,Utah St,0.0011021714084001322
1527,Michigan St,VA Commonwealth,0.12507297485752328
1528,Michigan St,Vermont,0.14236820427538344
1529,Michigan St,Villanova,0.0192952843191731
1530,Michigan St,Virginia,0.003987803828678471
1531,Michigan St,Virginia Tech,0.0026153780316301445
1532,Michigan St,Washington,0.013903772052045404
1533,Michigan St,Wisconsin,0.04127674215547106
1534,Michigan St,Wofford,0.15143148043616694
1535,Michigan St,Yale,0.046844704425563544
1536,Minnesota,Mississippi,0.25733274881507906
1537,Minnesota,Mississippi St,0.2618458204220278
1538,Minnesota,Montana,0.26815979240591853
1539,Minnesota,Murray St,0.23807018310931172
1540,Minnesota,N Dakota St,0.24197972608670973
1541,Minnesota,N Kentucky,0.009608346883758057
1542,Minnesota,NC Central,0.2643613307376821
1543,Minnesota,Nevada,0.18720394978793387
1544,Minnesota,New Mexico St,0.2224631799673824
1545,Minnesota,North Carolina,0.11388844593059813
1546,Minnesota,Northeastern,0.2184088805512222
1547,Minnesota,Ohio St,0.25351904851363305
1548,Minnesota,Oklahoma,0.18720394978793387
1549,Minnesota,Old Dominion,0.20608054923321678
1550,Minnesota,Oregon,0.21945597610781645
1551,Minnesota,Prairie View,0.11561033918536129
1552,Minnesota,Purdue,0.26696680297141556
1553,Minnesota,Seton Hall,0.24042718072897304
1554,Minnesota,St John's,0.26785102972886576
1555,Minnesota,St Louis,0.23635184199042852
1556,Minnesota,St Mary's CA,0.32896926232665097
1557,Minnesota,Syracuse,0.2000654570526903
1558,Minnesota,Temple,0.24774653530235513
1559,Minnesota,Tennessee,0.22452518931004314
1560,Minnesota,Texas Tech,0.007336534258801319
1561,Minnesota,UC Irvine,0.06188022799178236
1562,Minnesota,UCF,0.26147800071325544
1563,Minnesota,Utah St,0.26593964821313043
1564,Minnesota,VA Commonwealth,0.141968844764005
1565,Minnesota,Vermont,0.12467361534614482
1566,Minnesota,Villanova,0.24774653530235513
1567,Minnesota,Virginia,0.26305401579284754
1568,Minnesota,Virginia Tech,0.26442644158990153
1569,Minnesota,Washington,0.25313804756948394
1570,Minnesota,Wisconsin,0.2257650774660572
1571,Minnesota,Wofford,0.11561033918536129
1572,Minnesota,Yale,0.22019711519596358
1573,Mississippi,Mississippi St,0.2662137010111075
1574,Mississippi,Montana,0.27252767299500047
1575,Mississippi,Murray St,0.24243806369839363
1576,Mississippi,N Dakota St,0.24634760667579392
1577,Mississippi,N Kentucky,0.005240466294675061
1578,Mississippi,NC Central,0.26872921132676625
1579,Mississippi,Nevada,0.19157183037701353
1580,Mississippi,New Mexico St,0.22683106055646432
1581,Mississippi,North Carolina,0.11825632651967777
1582,Mississippi,Northeastern,0.2227767611403041
1583,Mississippi,Ohio St,0.25788692910271727
1584,Mississippi,Oklahoma,0.19157183037701353
1585,Mississippi,Old Dominion,0.21044842982229867
1586,Mississippi,Oregon,0.22382385669689608
1587,Mississippi,Prairie View,0.1199782197744432
1588,Mississippi,Purdue,0.2713346835604975
1589,Mississippi,Seton Hall,0.24479506131805268
1590,Mississippi,St John's,0.2722189103179499
1591,Mississippi,St Louis,0.24071972257951044
1592,Mississippi,St Mary's CA,0.3246013817375691
1593,Mississippi,Syracuse,0.20443333764177446
1594,Mississippi,Temple,0.25211441589143707
1595,Mississippi,Tennessee,0.22889306989912506
1596,Mississippi,Texas Tech,0.011704414847880984
1597,Mississippi,UC Irvine,0.06624810858086427
1598,Mississippi,UCF,0.2658458813023374
1599,Mississippi,Utah St,0.27030752880221004
1600,Mississippi,VA Commonwealth,0.1463367253530869
1601,Mississippi,Vermont,0.12904149593522674
1602,Mississippi,Villanova,0.25211441589143707
1603,Mississippi,Virginia,0.2674218963819317
1604,Mississippi,Virginia Tech,0.2687943221789812
1605,Mississippi,Washington,0.2575059281585636
1606,Mississippi,Wisconsin,0.23013295805513911
1607,Mississippi,Wofford,0.1199782197744432
1608,Mississippi,Yale,0.2245649957850455
1609,Mississippi St,Montana,0.2654845083941615
1610,Mississippi St,Murray St,0.23539489909755462
1611,Mississippi St,N Dakota St,0.23930444207495266
1612,Mississippi St,N Kentucky,0.012283630895514042
1613,Mississippi St,NC Central,0.261686046725925
1614,Mississippi St,Nevada,0.1845286657761768
1615,Mississippi St,New Mexico St,0.21978789595562534
1616,Mississippi St,North Carolina,0.11121316191884217
1617,Mississippi St,Northeastern,0.21573359653946625
1618,Mississippi St,Ohio St,0.250843764501876
1619,Mississippi St,Oklahoma,0.1845286657761768
1620,Mississippi St,Old Dominion,0.20340526522145969
1621,Mississippi St,Oregon,0.21678069209605938
1622,Mississippi St,Prairie View,0.11293505517360419
1623,Mississippi St,Purdue,0.2642915189596585
1624,Mississippi St,Seton Hall,0.23775189671721708
1625,Mississippi St,St John's,0.2651757457171098
1626,Mississippi St,St Louis,0.23367655797867146
1627,Mississippi St,St Mary's CA,0.33164454633840695
1628,Mississippi St,Syracuse,0.1973901730409332
1629,Mississippi St,Temple,0.24507125129059806
1630,Mississippi St,Tennessee,0.22184990529828605
1631,Mississippi St,Texas Tech,0.00466125024704539
1632,Mississippi St,UC Irvine,0.05920494398002529
1633,Mississippi St,UCF,0.2588027167014995
1634,Mississippi St,Utah St,0.26326436420137334
1635,Mississippi St,VA Commonwealth,0.1392935607522479
1636,Mississippi St,Vermont,0.12199833133438887
1637,Mississippi St,Villanova,0.24507125129059806
1638,Mississippi St,Virginia,0.26037873178109044
1639,Mississippi St,Virginia Tech,0.2617511575781445
1640,Mississippi St,Washington,0.250462763557728
1641,Mississippi St,Wisconsin,0.22308979345430013
1642,Mississippi St,Wofford,0.11293505517360419
1643,Mississippi St,Yale,0.21752183118420765
1644,Montana,Murray St,0.23586820754699941
1645,Montana,N Dakota St,0.23977775052439632
1646,Montana,N Kentucky,0.011810322446069221
1647,Montana,NC Central,0.26215935517536865
1648,Montana,Nevada,0.1850019742256216
1649,Montana,New Mexico St,0.22026120440507013
1650,Montana,North Carolina,0.11168647036828469
1651,Montana,Northeastern,0.21620690498890877
1652,Montana,Ohio St,0.25131707295131966
1653,Montana,Oklahoma,0.1850019742256216
1654,Montana,Old Dominion,0.20387857367090448
1655,Montana,Oregon,0.21725400054550414
1656,Montana,Prairie View,0.11340836362304899
1657,Montana,Purdue,0.2647648274091033
1658,Montana,Seton Hall,0.23822520516666074
1659,Montana,St John's,0.26564905416655343
1660,Montana,St Louis,0.23414986642811625
1661,Montana,St Mary's CA,0.33117123788896324
1662,Montana,Syracuse,0.19786348149037686
1663,Montana,Temple,0.24554455974004286
1664,Montana,Tennessee,0.22232321374773084
1665,Montana,Texas Tech,0.005134558696487879
1666,Montana,UC Irvine,0.05967825242946895
1667,Montana,UCF,0.25927602515094317
1668,Montana,Utah St,0.2637376726508181
1669,Montana,VA Commonwealth,0.1397668692016927
1670,Montana,Vermont,0.12247163978383252
1671,Montana,Villanova,0.24554455974004286
1672,Montana,Virginia,0.2608520402305352
1673,Montana,Virginia Tech,0.2622244660275881
1674,Montana,Washington,0.25093607200717166
1675,Montana,Wisconsin,0.2235631019037449
1676,Montana,Wofford,0.11340836362304899
1677,Montana,Yale,0.2179951396336513
1678,Murray St,N Dakota St,0.17549757474625372
1679,Murray St,N Kentucky,0.07609049822421637
1680,Murray St,NC Central,0.19787917939722607
1681,Murray St,Nevada,0.12072179844747333
1682,Murray St,New Mexico St,0.15598102862692415
1683,Murray St,North Carolina,0.047406294590137565
1684,Murray St,Northeastern,0.15192672921076392
1685,Murray St,Ohio St,0.18703689717317706
1686,Murray St,Oklahoma,0.12072179844747333
1687,Murray St,Old Dominion,0.1395983978927585
1688,Murray St,Oregon,0.15297382476735588
1689,Murray St,Prairie View,0.049128187844903
1690,Murray St,Purdue,0.2004846516309573
1691,Murray St,Seton Hall,0.17394502938851247
1692,Murray St,St John's,0.20136887838840972
1693,Murray St,St Louis,0.16986969064997026
1694,Murray St,St Mary's CA,0.3954514136671093
1695,Murray St,Syracuse,0.13358330571223428
1696,Murray St,Temple,0.18126438396189687
1697,Murray St,Tennessee,0.15804303796958485
1698,Murray St,Texas Tech,0.05914561708165922
1699,Murray St,UC Irvine,0.004601923348675929
1700,Murray St,UCF,0.19499584937279718
1701,Murray St,Utah St,0.19945749687266986
1702,Murray St,VA Commonwealth,0.07548669342354672
1703,Murray St,Vermont,0.05819146400568653
1704,Murray St,Villanova,0.18126438396189687
1705,Murray St,Virginia,0.1965718644523915
1706,Murray St,Virginia Tech,0.197944290249441
1707,Murray St,Washington,0.1866558962290234
1708,Murray St,Wisconsin,0.1592829261255989
1709,Murray St,Wofford,0.049128187844903
1710,Murray St,Yale,0.15371496385550532
1711,N Dakota St,N Kentucky,0.05090835101118302
1712,N Dakota St,NC Central,0.21386786678291886
1713,N Dakota St,Nevada,0.1298037241354728
1714,N Dakota St,New Mexico St,0.16646297357796896
1715,N Dakota St,Northeastern,0.17108879359269574
1716,N Dakota St,Ohio St,0.1993496365451282
1717,N Dakota St,Oklahoma,0.1298037241354728
1718,N Dakota St,Old Dominion,0.1493803332122829
1719,N Dakota St,Oregon,0.17208922184052272
1720,N Dakota St,Prairie View,0.0561100846383322
1721,N Dakota St,Purdue,0.21446664473962
1722,N Dakota St,Seton Hall,0.1853603205149254
1723,N Dakota St,St John's,0.2165599790424309
1724,N Dakota St,St Louis,0.18105164523254003
1725,N Dakota St,St Mary's CA,0.39604234834197644
1726,N Dakota St,Syracuse,0.14313190448791555
1727,N Dakota St,Temple,0.19314634817598703
1728,N Dakota St,Texas Tech,0.05454375303540848
1729,N Dakota St,UC Irvine,0.0011199561080120213
1730,N Dakota St,UCF,0.2080778300980715
1731,N Dakota St,Utah St,0.21320615343749166
1732,N Dakota St,VA Commonwealth,0.08316859984849859
1733,N Dakota St,Vermont,0.06540669734295662
1734,N Dakota St,Villanova,0.19314634817598703
1735,N Dakota St,Virginia,0.209853847929527
1736,N Dakota St,Virginia Tech,0.2114262764784422
1737,N Dakota St,Washington,0.19893786594684387
1738,N Dakota St,Wisconsin,0.16992042877253916
1739,N Dakota St,Wofford,0.0561100846383322
1740,N Kentucky,NC Central,0.22103908520595117
1741,N Kentucky,Nevada,0.14388170425619956
1742,N Kentucky,New Mexico St,0.17914093443565038
1743,N Kentucky,North Carolina,0.07056620039886494
1744,N Kentucky,Northeastern,0.17508663501949015
1745,N Kentucky,Ohio St,0.2101968029819033
1746,N Kentucky,Oklahoma,0.14388170425619956
1747,N Kentucky,Old Dominion,0.1627583037014847
1748,N Kentucky,Oregon,0.17613373057608211
1749,N Kentucky,Prairie View,0.07228809365362923
1750,N Kentucky,Purdue,0.22364455743968353
1751,N Kentucky,Seton Hall,0.1971049351972387
1752,N Kentucky,St John's,0.2245287841971371
1753,N Kentucky,St Louis,0.1930295964586965
1754,N Kentucky,St Mary's CA,0.372291507858383
1755,N Kentucky,Syracuse,0.15674321152096052
1756,N Kentucky,Temple,0.2044242897706231
1757,N Kentucky,Tennessee,0.1812029437783111
1758,N Kentucky,Texas Tech,0.035985711272932985
1759,N Kentucky,UC Irvine,0.018557982460050304
1760,N Kentucky,UCF,0.21815575518152452
1761,N Kentucky,Utah St,0.2226174026813961
1762,N Kentucky,VA Commonwealth,0.09864659923227295
1763,N Kentucky,Vermont,0.08135136981441277
1764,N Kentucky,Villanova,0.2044242897706231
1765,N Kentucky,Virginia,0.21973177026111773
1766,N Kentucky,Virginia Tech,0.22110419605816609
1767,N Kentucky,Washington,0.20981580203775077
1768,N Kentucky,Wisconsin,0.18244283193432514
1769,N Kentucky,Wofford,0.07228809365362923
1770,N Kentucky,Yale,0.17687486966423266
1771,NC Central,Nevada,0.1662823214782191
1772,NC Central,New Mexico St,0.2015415516576699
1773,NC Central,North Carolina,0.09296681762088219
1774,NC Central,Northeastern,0.19748725224150965
1775,NC Central,Ohio St,0.23259742020392282
1776,NC Central,Oklahoma,0.1662823214782191
1777,NC Central,Old Dominion,0.18515892092350422
1778,NC Central,Oregon,0.19853434779810164
1779,NC Central,Prairie View,0.09468871087564876
1780,NC Central,Purdue,0.24604517466170306
1781,NC Central,Seton Hall,0.21950555241925823
1782,NC Central,St John's,0.24692940141915662
1783,NC Central,St Louis,0.21543021368071602
1784,NC Central,St Mary's CA,0.3498908906363635
1785,NC Central,Syracuse,0.17914382874298004
1786,NC Central,Temple,0.22682490699264263
1787,NC Central,Tennessee,0.2036035610003306
1788,NC Central,Texas Tech,0.01358509405091346
1789,NC Central,UC Irvine,0.04095859968206983
1790,NC Central,UCF,0.24055637240354405
1791,NC Central,Utah St,0.24501801990341562
1792,NC Central,VA Commonwealth,0.12104721645429248
1793,NC Central,Vermont,0.10375198703643229
1794,NC Central,Villanova,0.22682490699264263
1795,NC Central,Virginia,0.24213238748313726
1796,NC Central,Virginia Tech,0.2435048132801856
1797,NC Central,Washington,0.2322164192597703
1798,NC Central,Wisconsin,0.20484344915634467
1799,NC Central,Wofford,0.09468871087564876
1800,NC Central,Yale,0.19927548688625218
1801,Nevada,New Mexico St,0.22657427827519638
1802,Nevada,North Carolina,0.1179995442384098
1803,Nevada,Northeastern,0.2225199788590339
1804,Nevada,Ohio St,0.257630146821447
1805,Nevada,Oklahoma,0.19131504809574557
1806,Nevada,Old Dominion,0.21019164754103073
1807,Nevada,Oregon,0.22356707441562815
1808,Nevada,Prairie View,0.11972143749317299
1809,Nevada,Purdue,0.27107790127922726
1810,Nevada,Seton Hall,0.24453827903678474
1811,Nevada,St John's,0.2719621280366797
1812,Nevada,St Louis,0.2404629402982425
1813,Nevada,St Mary's CA,0.3248581640188393
1814,Nevada,Syracuse,0.20417655536050427
1815,Nevada,Temple,0.2518576336101691
1816,Nevada,Tennessee,0.2286362876178571
1817,Nevada,Texas Tech,0.01144763256661302
1818,Nevada,UC Irvine,0.06599132629959634
1819,Nevada,UCF,0.2655890990210694
1820,Nevada,Utah St,0.27005074652094213
1821,Nevada,VA Commonwealth,0.1460799430718167
1822,Nevada,Vermont,0.12878471365395652
1823,Nevada,Villanova,0.2518576336101691
1824,Nevada,Virginia,0.2671651141006615
1825,Nevada,Virginia Tech,0.26853753989771323
1826,Nevada,Washington,0.25724914587729564
1827,Nevada,Wisconsin,0.22987617577387115
1828,Nevada,Wofford,0.11972143749317299
1829,Nevada,Yale,0.22430821350377528
1830,New Mexico St,North Carolina,0.09938410083222843
1831,New Mexico St,Northeastern,0.20390453545285253
1832,New Mexico St,Ohio St,0.2390147034152634
1833,New Mexico St,Oklahoma,0.1726996046895642
1834,New Mexico St,Old Dominion,0.1915762041348471
1835,New Mexico St,Oregon,0.20495163100944677
1836,New Mexico St,Prairie View,0.10110599408699161
1837,New Mexico St,Purdue,0.2524624578730459
1838,New Mexico St,Seton Hall,0.22592283563060336
1839,New Mexico St,St John's,0.2533466846304972
1840,New Mexico St,St Louis,0.22184749689205885
1841,New Mexico St,St Mary's CA,0.3434736074250207
1842,New Mexico St,Syracuse,0.18556111195432062
1843,New Mexico St,Temple,0.23324219020398546
1844,New Mexico St,Tennessee,0.21002084421167347
1845,New Mexico St,Texas Tech,0.007167810839568356
1846,New Mexico St,UC Irvine,0.047375882893412685
1847,New Mexico St,UCF,0.2469736556148869
1848,New Mexico St,Utah St,0.25143530311476076
1849,New Mexico St,VA Commonwealth,0.12746449966563533
1850,New Mexico St,Vermont,0.11016927024777515
1851,New Mexico St,Villanova,0.23324219020398546
1852,New Mexico St,Virginia,0.24854967069447786
1853,New Mexico St,Virginia Tech,0.24992209649153074
1854,New Mexico St,Washington,0.23863370247111543
1855,New Mexico St,Wisconsin,0.21126073236768753
1856,New Mexico St,Wofford,0.10110599408699161
1857,New Mexico St,Yale,0.20569277009759504
1858,North Carolina,Northeastern,0.11630911134942484
1859,North Carolina,Ohio St,0.08119894338701394
1860,North Carolina,Oklahoma,0.14751404211271657
1861,North Carolina,Old Dominion,0.12863744266743138
1862,North Carolina,Oregon,0.11526201579283396
1863,North Carolina,Prairie View,0.21910765271528687
1864,North Carolina,Purdue,0.0677511889292326
1865,North Carolina,Seton Hall,0.09429081117167626
1866,North Carolina,St John's,0.06686696217177901
1867,North Carolina,St Louis,0.09836614991021964
1868,North Carolina,St Mary's CA,0.6636872542272991
1869,North Carolina,Syracuse,0.13465253484795559
1870,North Carolina,Temple,0.08697145659829303
1871,North Carolina,Tennessee,0.11019280259060504
1872,North Carolina,Texas Tech,0.32738145764184906
1873,North Carolina,UC Irvine,0.27283776390886577
1874,North Carolina,UCF,0.07323999118739155
1875,North Carolina,Utah St,0.06877834368752
1876,North Carolina,VA Commonwealth,0.19274914713664315
1877,North Carolina,Vermont,0.21004437655450336
1878,North Carolina,Villanova,0.08697145659829303
1879,North Carolina,Virginia,0.07166397610779834
1880,North Carolina,Virginia Tech,0.07029155031075002
1881,North Carolina,Washington,0.08157994433116533
1882,North Carolina,Wisconsin,0.10895291443459099
1883,North Carolina,Wofford,0.21910765271528687
1884,North Carolina,Yale,0.11452087670468347
1885,Northeastern,Ohio St,0.22638029159884346
1886,Northeastern,Oklahoma,0.15683437918919146
1887,Northeastern,Old Dominion,0.17641098826599705
1888,Northeastern,Oregon,0.1991198768942391
1889,Northeastern,Prairie View,0.0831407396920486
1890,Northeastern,Purdue,0.24149729979333412
1891,Northeastern,Seton Hall,0.21239097556863953
1892,Northeastern,St John's,0.2435906340961439
1893,Northeastern,St Louis,0.20808230028625413
1894,Northeastern,St Mary's CA,0.3617599947563899
1895,Northeastern,Syracuse,0.17016255954162854
1896,Northeastern,Temple,0.22017700322970568
1897,Northeastern,Tennessee,0.2039557535526249
1898,Northeastern,Texas Tech,0.025454198170938747
1899,Northeastern,UC Irvine,0.029089495562042295
1900,Northeastern,UCF,0.235108485151789
1901,Northeastern,Utah St,0.24023680849120807
1902,Northeastern,VA Commonwealth,0.110199254902215
1903,Northeastern,Vermont,0.09243735239667303
1904,Northeastern,Villanova,0.22017700322970568
1905,Northeastern,Virginia,0.23688450298324568
1906,Northeastern,Virginia Tech,0.23845693153216088
1907,Northeastern,Washington,0.22596852100056142
1908,Northeastern,Wisconsin,0.1969510838262556
1909,Northeastern,Wofford,0.0831407396920486
1910,Northeastern,Yale,0.19982768219040997
1911,Ohio St,Oklahoma,0.1909177226433525
1912,Ohio St,Old Dominion,0.20979432208863766
1913,Ohio St,Oregon,0.22316974896323508
1914,Ohio St,Prairie View,0.11932411204078217
1915,Ohio St,Purdue,0.27068057582683647
1916,Ohio St,Seton Hall,0.24414095358439278
1917,Ohio St,St John's,0.27156480258429005
1918,Ohio St,St Louis,0.24006561484584943
1919,Ohio St,St Mary's CA,0.3252554894712289
1920,Ohio St,Syracuse,0.20377922990811348
1921,Ohio St,Temple,0.25146030815777604
1922,Ohio St,Tennessee,0.22823896216546402
1923,Ohio St,Texas Tech,0.011050307114221114
1924,Ohio St,UC Irvine,0.06559400084720327
1925,Ohio St,UCF,0.26519177356867746
1926,Ohio St,Utah St,0.26965342106854906
1927,Ohio St,VA Commonwealth,0.14568261761942589
1928,Ohio St,Vermont,0.12838738820156684
1929,Ohio St,Villanova,0.25146030815777604
1930,Ohio St,Virginia,0.26676778864827067
1931,Ohio St,Virginia Tech,0.26814021444532016
1932,Ohio St,Washington,0.25685182042490373
1933,Ohio St,Wisconsin,0.22947885032147808
1934,Ohio St,Wofford,0.11932411204078217
1935,Ohio St,Yale,0.2239108880513856
1936,Oklahoma,Old Dominion,0.18221033226185296
1937,Oklahoma,Oregon,0.2049192208900928
1938,Oklahoma,Prairie View,0.08894008368790227
1939,Oklahoma,Purdue,0.24729664378919008
1940,Oklahoma,Seton Hall,0.21819031956449547
1941,Oklahoma,St John's,0.24938997809200097
1942,Oklahoma,St Louis,0.2138816442821101
1943,Oklahoma,St Mary's CA,0.36321234929240526
1944,Oklahoma,Syracuse,0.17596190353748561
1945,Oklahoma,Temple,0.2259763472255571
1946,Oklahoma,Tennessee,0.2097550975484786
1947,Oklahoma,Texas Tech,0.021713753985838413
1948,Oklahoma,UC Irvine,0.03394995515758209
1949,Oklahoma,UCF,0.24090782914764156
1950,Oklahoma,Utah St,0.24603615248706173
1951,Oklahoma,VA Commonwealth,0.11599859889806866
1952,Oklahoma,Vermont,0.09823669639252669
1953,Oklahoma,Villanova,0.2259763472255571
1954,Oklahoma,Virginia,0.2426838469790971
1955,Oklahoma,Virginia Tech,0.2442562755280123
1956,Oklahoma,Washington,0.23176786499641394
1957,Oklahoma,Wisconsin,0.20275042782210922
1958,Oklahoma,Wofford,0.08894008368790227
1959,Oklahoma,Yale,0.20562702618626477
1960,Old Dominion,Oregon,0.22628523892440078
1961,Old Dominion,Prairie View,0.11030610172221028
1962,Old Dominion,Purdue,0.2686626618234981
1963,Old Dominion,Seton Hall,0.23955633759880346
1964,Old Dominion,St John's,0.27075599612630896
1965,Old Dominion,St Louis,0.23524766231641808
1966,Old Dominion,St Mary's CA,0.3418463312580972
1967,Old Dominion,Syracuse,0.19732792157179363
1968,Old Dominion,Temple,0.24734236525986508
1969,Old Dominion,Texas Tech,0.0003477359515303702
1970,Old Dominion,UC Irvine,0.05531597319189008
1971,Old Dominion,UCF,0.26227384718194957
1972,Old Dominion,Utah St,0.2674021705213697
1973,Old Dominion,VA Commonwealth,0.13736461693237667
1974,Old Dominion,Vermont,0.1196027144268347
1975,Old Dominion,Villanova,0.24734236525986508
1976,Old Dominion,Virginia,0.2640498650134051
1977,Old Dominion,Virginia Tech,0.2656222935623203
1978,Old Dominion,Washington,0.25313388303072193
1979,Old Dominion,Wisconsin,0.22411644585641724
1980,Old Dominion,Wofford,0.11030610172221028
1981,Oregon,Prairie View,0.11245770152427742
1982,Oregon,Purdue,0.27081426162556294
1983,Oregon,Seton Hall,0.24170793740086835
1984,Oregon,St John's,0.2729075959283727
1985,Oregon,St Louis,0.23739926211848295
1986,Oregon,St Mary's CA,0.3396947314560323
1987,Oregon,Syracuse,0.1994795213738585
1988,Oregon,Temple,0.24949396506193222
1989,Oregon,Tennessee,0.23327271538485372
1990,Oregon,Texas Tech,0.0018038638505367688
1991,Oregon,UC Irvine,0.057467572993957244
1992,Oregon,UCF,0.2644254469840156
1993,Oregon,Utah St,0.26955377032343464
1994,Oregon,VA Commonwealth,0.1395162167344438
1995,Oregon,Vermont,0.12175431422890184
1996,Oregon,Villanova,0.24949396506193222
1997,Oregon,Virginia,0.26620146481547224
1998,Oregon,Virginia Tech,0.26777389336438856
1999,Oregon,Washington,0.25528548283278796
2000,Oregon,Wisconsin,0.2262680456584844
2001,Oregon,Wofford,0.11245770152427742
2002,Oregon,Yale,0.2291446440226388
2003,Prairie View,Purdue,0.23992017895738832
2004,Prairie View,Seton Hall,0.21081385473269373
2005,Prairie View,St John's,0.2420135132601981
2006,Prairie View,St Louis,0.20650517945030833
2007,Prairie View,St Mary's CA,0.3600220206203855
2008,Prairie View,Syracuse,0.16901269875895686
2009,Prairie View,Temple,0.2185998823937576
2010,Prairie View,Texas Tech,0.023716224034936617
2011,Prairie View,UC Irvine,0.030827469698046672
2012,Prairie View,UCF,0.23353136431584096
2013,Prairie View,Utah St,0.23865968765526227
2014,Prairie View,VA Commonwealth,0.11091608647027046
2015,Prairie View,Vermont,0.09362085705241027
2016,Prairie View,Villanova,0.2185998823937576
2017,Prairie View,Virginia,0.23530738214729763
2018,Prairie View,Virginia Tech,0.23687981069621283
2019,Prairie View,Washington,0.22439140016461334
2020,Prairie View,Wofford,0.08455758089162674
2021,Purdue,Seton Hall,0.22932398448899918
2022,Purdue,St John's,0.256747833488893
2023,Purdue,St Louis,0.22524864575045467
2024,Purdue,St Mary's CA,0.3400724585666249
2025,Purdue,Syracuse,0.18896226081271644
2026,Purdue,Temple,0.23664333906238127
2027,Purdue,Tennessee,0.2134219930700693
2028,Purdue,Texas Tech,0.0037666619811725366
2029,Purdue,UC Irvine,0.050777031751808505
2030,Purdue,UCF,0.25037480447328275
2031,Purdue,Utah St,0.2548364519731566
2032,Purdue,VA Commonwealth,0.13086564852403115
2033,Purdue,Vermont,0.11357041910617097
2034,Purdue,Villanova,0.23664333906238127
2035,Purdue,Virginia,0.2519508195528737
2036,Purdue,Virginia Tech,0.25332324534992656
2037,Purdue,Washington,0.24203485132951125
2038,Purdue,Wisconsin,0.21466188122608335
2039,Purdue,Wofford,0.10450714294538743
2040,Purdue,Yale,0.20909391895599086
2041,Seton Hall,St John's,0.2683632477462706
2042,Seton Hall,St Louis,0.23686406000783225
2043,Seton Hall,St Mary's CA,0.32845704430924955
2044,Seton Hall,Syracuse,0.20057767507009402
2045,Seton Hall,Temple,0.24825875331975886
2046,Seton Hall,Tennessee,0.22503740732744687
2047,Seton Hall,Texas Tech,0.007848752276202797
2048,Seton Hall,UC Irvine,0.06239244600918609
2049,Seton Hall,UCF,0.2619902187306603
2050,Seton Hall,Utah St,0.26645186623053185
2051,Seton Hall,VA Commonwealth,0.14248106278140646
2052,Seton Hall,Vermont,0.12518583336354627
2053,Seton Hall,Villanova,0.24825875331975886
2054,Seton Hall,Virginia,0.26356623381025124
2055,Seton Hall,Virginia Tech,0.26493865960730184
2056,Seton Hall,Washington,0.2536502655868865
2057,Seton Hall,Wisconsin,0.22627729548346093
2058,Seton Hall,Wofford,0.11612255720276274
2059,Seton Hall,Yale,0.22070933321336617
2060,St John's,St Louis,0.22732647439266002
2061,St John's,St Mary's CA,0.3379946299244195
2062,St John's,Syracuse,0.1910400894549229
2063,St John's,Temple,0.23872116770458662
2064,St John's,Tennessee,0.2154998217122746
2065,St John's,Texas Tech,0.001688833338968354
2066,St John's,UC Irvine,0.05285486039401496
2067,St John's,UCF,0.25245263311548694
2068,St John's,Utah St,0.25691428061536187
2069,St John's,VA Commonwealth,0.13294347716623875
2070,St John's,Vermont,0.11564824774837629
2071,St John's,Villanova,0.23872116770458662
2072,St John's,Virginia,0.25402864819508125
2073,St John's,Virginia Tech,0.25540107399213186
2074,St John's,Washington,0.24411267997171543
2075,St John's,Wisconsin,0.21673970986829094
2076,St John's,Wofford,0.10658497158759503
2077,St John's,Yale,0.21117174759819732
2078,St Louis,St Mary's CA,0.3531289614265469
2079,St Louis,Syracuse,0.18604529140334283
2080,St Louis,Temple,0.2360597350914166
2081,St Louis,Texas Tech,0.011630366119977753
2082,St Louis,UC Irvine,0.04403334302343931
2083,St Louis,UCF,0.250991217013501
2084,St Louis,Utah St,0.2561195403529212
2085,St Louis,VA Commonwealth,0.12608198676392815
2086,St Louis,Vermont,0.10832008425838505
2087,St Louis,Villanova,0.2360597350914166
2088,St Louis,Virginia,0.25276723484495656
2089,St Louis,Virginia Tech,0.25433966339387293
2090,St Louis,Washington,0.24185125286227344
2091,St Louis,Wisconsin,0.21283381568796647
2092,St Louis,Wofford,0.09902347155376176
2093,St Louis,Yale,0.215710414052122
2094,St Mary's CA,Syracuse,0.1476221568383958
2095,St Mary's CA,Temple,0.19763660052646953
2096,St Mary's CA,Tennessee,0.18141535084938878
2097,St Mary's CA,Texas Tech,0.05005350068492592
2098,St Mary's CA,UC Irvine,0.005610208458492305
2099,St Mary's CA,UCF,0.21256808244855288
2100,St Mary's CA,Utah St,0.2176964057879742
2101,St Mary's CA,VA Commonwealth,0.08765885219898112
2102,St Mary's CA,Vermont,0.06989694969343688
2103,St Mary's CA,Villanova,0.19763660052646953
2104,St Mary's CA,Virginia,0.21434410028000955
2105,St Mary's CA,Virginia Tech,0.21591652882892587
2106,St Mary's CA,Washington,0.20342811829732527
2107,St Mary's CA,Wisconsin,0.17441068112301944
2108,St Mary's CA,Wofford,0.06060033698881473
2109,St Mary's CA,Yale,0.17728727948717382
2110,Syracuse,Temple,0.24961767864173662
2111,Syracuse,Tennessee,0.23339642896465812
2112,Syracuse,Texas Tech,0.0019275774303399995
2113,Syracuse,UC Irvine,0.057591286573760475
2114,Syracuse,UCF,0.26454916056381994
2115,Syracuse,Utah St,0.26967748390324126
2116,Syracuse,VA Commonwealth,0.13963993031424818
2117,Syracuse,Vermont,0.12187802780870621
2118,Syracuse,Villanova,0.24961767864173662
2119,Syracuse,Virginia,0.2663251783952766
2120,Syracuse,Virginia Tech,0.2678976069441918
2121,Syracuse,Washington,0.25540919641259235
2122,Syracuse,Wisconsin,0.22639175923828875
2123,Syracuse,Wofford,0.11258141510408179
2124,Syracuse,Yale,0.22926835760244316
2125,Temple,Tennessee,0.22898629133148646
2126,Temple,Texas Tech,0.011797636280241275
2127,Temple,UC Irvine,0.06634133001322454
2128,Temple,UCF,0.2659391027346988
2129,Temple,Utah St,0.27040075023457144
2130,Temple,VA Commonwealth,0.14642994678544605
2131,Temple,Vermont,0.12913471736758586
2132,Temple,Villanova,0.2522076373237985
2133,Temple,Virginia,0.2675151178142908
2134,Temple,Virginia Tech,0.2688875436113415
2135,Temple,Washington,0.257599149590925
2136,Temple,Wisconsin,0.23022617948750052
2137,Temple,Wofford,0.12007144120680233
2138,Temple,Yale,0.22465821721740464
2139,Tennessee,Texas Tech,0.18268604022664237
2140,Tennessee,UC Irvine,0.1281423464936613
2141,Tennessee,UCF,0.07145542622781179
2142,Tennessee,Utah St,0.07591707372768675
2143,Tennessee,VA Commonwealth,0.048053729721438676
2144,Tennessee,Vermont,0.06534895913929883
2145,Tennessee,Villanova,0.057723960816911474
2146,Tennessee,Virginia,0.07303144130740385
2147,Tennessee,Virginia Tech,0.07440386710445787
2148,Tennessee,Washington,0.06311547308404028
2149,Tennessee,Wisconsin,0.035742502980613516
2150,Tennessee,Wofford,0.0744122353000824
2151,Tennessee,Yale,0.03017454071051992
2152,Texas Tech,UC Irvine,0.05536219917509844
2153,Texas Tech,UCF,0.25495997189657266
2154,Texas Tech,Utah St,0.2594216193964465
2155,Texas Tech,VA Commonwealth,0.13545081594732108
2156,Texas Tech,Vermont,0.1181555865294609
2157,Texas Tech,Villanova,0.24122850648567123
2158,Texas Tech,Virginia,0.2565359869761636
2159,Texas Tech,Virginia Tech,0.25790841277321647
2160,Texas Tech,Washington,0.24662001875280118
2161,Texas Tech,Wisconsin,0.21924704864937328
2162,Texas Tech,Wofford,0.10909231036867736
2163,Texas Tech,Yale,0.2136790863792808
2164,UC Irvine,UCF,0.2532338262806124
2165,UC Irvine,Utah St,0.2583621496200326
2166,UC Irvine,VA Commonwealth,0.12832459603103952
2167,UC Irvine,Vermont,0.11056269352549869
2168,UC Irvine,Villanova,0.23830234435852793
2169,UC Irvine,Virginia,0.25500984411206795
2170,UC Irvine,Virginia Tech,0.25658227266098427
2171,UC Irvine,Washington,0.2440938621293848
2172,UC Irvine,Wisconsin,0.2150764249550801
2173,UC Irvine,Wofford,0.10126608082087313
2174,UC Irvine,Yale,0.2179530233192356
2175,UCF,Utah St,0.2613264473489908
2176,UCF,VA Commonwealth,0.13128889375999772
2177,UCF,Vermont,0.11352699125445348
2178,UCF,Villanova,0.24126664208748616
2179,UCF,Virginia,0.25797414184102613
2180,UCF,Virginia Tech,0.25954657038994133
2181,UCF,Washington,0.24705815985834187
2182,UCF,Wisconsin,0.21804072268403604
2183,UCF,Wofford,0.10423037854983133
2184,UCF,Yale,0.22091732104819042
2185,Utah St,VA Commonwealth,0.029055669302994025
2186,Utah St,Vermont,0.011760439885133867
2187,Utah St,Villanova,0.13483335984134417
2188,Utah St,Virginia,0.15014084033183883
2189,Utah St,Virginia Tech,0.1515132661288883
2190,Utah St,Washington,0.1402248721084707
2191,Utah St,Wisconsin,0.11285190200504622
2192,Utah St,Wofford,0.0026971637243503044
2193,Utah St,Yale,0.10728393973495262
2194,VA Commonwealth,Vermont,0.10856081985968827
2195,VA Commonwealth,Villanova,0.23163373981589858
2196,VA Commonwealth,Virginia,0.24694122030639326
2197,VA Commonwealth,Virginia Tech,0.24831364610344386
2198,VA Commonwealth,Washington,0.23702525208302855
2199,VA Commonwealth,Wisconsin,0.20965228197960292
2200,VA Commonwealth,Wofford,0.09949754369890701
2201,Vermont,Villanova,0.2193539403335165
2202,Vermont,Virginia,0.23606144008705648
2203,Vermont,Virginia Tech,0.2376338686359728
2204,Vermont,Washington,0.22514545810437223
2205,Vermont,Wisconsin,0.19612802093006637
2206,Vermont,Wofford,0.08231767679585941
2207,Vermont,Yale,0.19900461929422075
2208,Villanova,Virginia,0.2624579477290007
2209,Villanova,Virginia Tech,0.2638303735260536
2210,Villanova,Washington,0.2525419795056383
2211,Villanova,Wisconsin,0.2251690094022104
2212,Villanova,Wofford,0.1150142711215145
2213,Villanova,Yale,0.21960104713211792
2214,Virginia,Virginia Tech,0.24035433500805825
2215,Virginia,Washington,0.22906594098764183
2216,Virginia,Wisconsin,0.20169297088421734
2217,Virginia,Wofford,0.0915382326035214
2218,Virginia,Yale,0.1961250086141237
2219,Virginia Tech,Washington,0.2509803238063844
2220,Virginia Tech,Wisconsin,0.2236073537029588
2221,Virginia Tech,Wofford,0.11345261542226287
2222,Virginia Tech,Yale,0.21803939143286633
2223,Washington,Wofford,0.050370082400763794
2224,Wisconsin,Wofford,0.11191084494998618
2225,Wisconsin,Yale,0.22859778744834752
2226,Wofford,Yale,0.22038143963260629
2227,Abilene Chr,Belmont,0.006949332852124679
2228,Abilene Chr,Duke,0.03397589957886976
2229,Abilene Chr,Kentucky,0.03136215671094619
2230,Abilene Chr,Michigan St,0.023571890586517402
2231,Abilene Chr,Mississippi St,0.04127264114317264
2232,Abilene Chr,North Carolina,0.0005406428645100547
2233,Abilene Chr,Tennessee,0.03765696556714701
2234,Abilene Chr,Yale,0.03736847500673962
2235,Auburn,Belmont,0.07952266401411845
2236,Auburn,Duke,0.05089607527246115
2237,Auburn,Yale,0.04750349984459129
2238,Baylor,Belmont,0.028210317349252
2239,Baylor,Duke,0.05480179037018748
2240,Baylor,Kentucky,0.05218804750226619
2241,Bradley,Buffalo,0.20116336031701482
2242,Bradley,Duke,0.25975047996986794
2243,Bradley,Iona,0.2393243644496455
2244,Bradley,Kentucky,0.2571367371019466
2245,Bradley,Michigan St,0.25700271667167063
2246,Bradley,Mississippi St,0.1845019392478255
2247,Bradley,North Carolina,0.2313802230117804
2248,Bradley,Tennessee,0.26343154595814516
2249,Bradley,Yale,0.26314305539774
2250,Cincinnati,Duke,0.15151918396271724
2251,Cincinnati,Kentucky,0.14890544109479364
2252,Cincinnati,Michigan St,0.14392588030989015
2253,Florida,Kentucky,0.24814331050953084
2254,Florida,Michigan St,0.24725510013569407
2255,Florida,Tennessee,0.2544381193657294
2256,Florida,Yale,0.25414962880532316
2257,Houston,Kentucky,0.050760007507674815
2258,Kansas St,Kentucky,0.11653153036383049
2259,Kansas St,Michigan St,0.11067462417408142
2260,Kansas St,Mississippi St,0.04389673250970938
2261,Kansas St,North Carolina,0.08571001651739549
2262,Kansas St,Tennessee,0.12282633922002903
2263,Kansas St,Wisconsin,0.042454383558609365
2264,Kansas St,Yale,0.12253784865962392
2265,Michigan,Michigan St,0.18739047946853488
2266,N Dakota St,North Carolina,0.24185407155946267
2267,N Dakota St,Tennessee,0.27099482814317966
2268,N Dakota St,Yale,0.2707063375827745
2269,Old Dominion,Tennessee,0.21592973067128882
2270,Old Dominion,Yale,0.2156412401108837
2271,Prairie View,Tennessee,0.1387224246867181
2272,Prairie View,Wisconsin,0.026558298091920285
2273,Prairie View,Yale,0.13843393412631186
2274,St Louis,Tennessee,0.17881559579503029
2275,VA Commonwealth,Yale,0.10372154340207998
2276,Washington,Wisconsin,0.10445361406241521
2277,Washington,Yale,0.2694458462806485
